feature,importance
P_DEMO__RIDAGEYR_Age_in_years_at_screening,1.1268027
Pulse_median,0.4955252
P_BIOPRO__LBXSCLSI_Chloride_mmol_L,0.447381
P_ALB_CR__URDACT_Albumin_creatinine_ratio_mg_g,0.43218073
P_MCQ__MCQ300C_2.0,0.3849867
P_LUX__LUXCAPM_Median_CAP_decibels_per_meter_dB_m,0.34203944
P_BMX__BMXLEG_Upper_Leg_Length_cm,0.33706552
BP_sys_median,0.31706068
P_MCQ__MCQ366B_2.0,0.29831633
P_CBC__LBXPLTSI_Platelet_count_1000_cells_uL,0.27882016
P_TST__LBXSHBG_SHBG_nmol_L,0.25749773
P_TST__LBDPG4SI_Progesterone_nmol_L,0.25347212
P_ALQ__ALQ121_Past_12_mo_how_often_drink_alcoholic_bev_6.0,0.21278134
P_BMX__BMXHIP_Hip_Circumference_cm,0.20589408
P_BIOPRO__LBDSBUSI_Blood_Urea_Nitrogen_mmol_L,0.17055029
P_BIOPRO__LBDSTRSI_Triglycerides_refrig_serum_mmol_L,0.16510442
P_ALB_CR__URXCRS_Creatinine_urine_umol_L,0.16028127
P_DBQ__DBD900_of_meals_from_fast_food_or_pizza_place,0.15589045
P_LUX__LUXSMED_Median_stiffness_E_kilopascals_kPa,0.1548343
P_BMX__BMXWAIST_Waist_Circumference_cm,0.14617775
P_BIOPRO__LBDSIRSI_Iron_refrigerated_serum_umol_L,0.1445187
P_BIOPRO__LBDSTBSI_Total_Bilirubin_umol_L,0.14085335
P_WHQ__WHD050_Self_reported_weight_1_yr_ago_pounds,0.1387441
P_WHQ__WHQ150_Age_when_heaviest_weight,0.13641061
P_FASTQX__PHDSESN_Session_in_which_SP_was_examined_1.0,0.1318813
P_BIOPRO__LBDSCHSI_Cholesterol_refrigerated_serum_mmol_L,0.12837696
P_BPQ__BPQ080_Doctor_told_you_high_cholesterol_level_2.0,0.124434315
P_ALB_CR__URXUMS_Albumin_urine_mg_L,0.124286376
P_MCQ__MCQ371C_2.0,0.12216212
P_CBC__LBXRDW_Red_cell_distribution_width,0.120612234
P_INQ__INDFMMPI_Family_monthly_poverty_level_index,0.11981354
P_BIOPRO__LBXSLDSI_Lactate_Dehydrogenase_LDH_IU_L,0.113112874
P_PBCD__LBDBPBSI_Blood_lead_umol_L,0.10910398
BP_dia_median,0.10865211
P_TCHOL__LBDTCSI_Total_Cholesterol_mmol_L,0.10732247
P_FASTQX__PHAFSTMN_Total_length_of_food_fast_minutes,0.10568684
P_PBCD__LBDBSESI_Blood_selenium_umol_L,0.10530395
P_FETIB__LBDUIBSI_UIBC_Serum_umol_L,0.10368948
P_BMX__BMXARMC_Arm_Circumference_cm,0.10275753
P_BIOPRO__LBXSGTSI_Gamma_Glutamyl_Transferase_GGT_IU_L,0.098897085
P_BMX__BMXBMI_Body_Mass_Index_kg_m_2,0.089717805
P_CBC__LBXMCVSI_Mean_cell_volume_fL,0.087447874
P_IHGEM__LBDIHGSI_Mercury_inorganic_nmol_L,0.083502606
P_MCQ__MCQ300A_2.0,0.083218046
P_IHGEM__LBDBGMSI_Mercury_methyl_nmol_L,0.07606425
P_COT__LBXHCOT_Hydroxycotinine_Serum_ng_mL,0.0755471
P_SLQ__SLD012_Sleep_hours_weekdays_or_workdays_2,0.07498371
P_HDL__LBDHDDSI_Direct_HDL_Cholesterol_mmol_L,0.07413217
P_KIQ_U__KIQ044_Urinated_before_reaching_the_toilet_2.0,0.074127235
P_ALQ__ALQ121_Past_12_mo_how_often_drink_alcoholic_bev_4.0,0.07392618
P_CBC__LBXHGB_Hemoglobin_g_dL,0.072118215
P_BIOPRO__LBDSTPSI_Total_Protein_g_L,0.07181561
P_CBC__LBXMC_Mean_Cell_Hgb_Conc_g_dL,0.070291735
P_MCQ__MCQ080_Doctor_ever_said_you_were_overweight_2.0,0.06880865
P_WHQ__WHD140_Self_reported_greatest_weight_pounds,0.068154074
P_KIQ_U__KIQ005_How_often_have_urinary_leakage_3.0,0.068028264
P_CBC__LBXNEPCT_Segmented_neutrophils_percent,0.064644985
P_WHQ__WHD120_Self_reported_weight_age_25_pounds,0.06293605
P_TST__LBDES1SI_Estrone_Sulfate_pmol_L,0.062271744
P_DBQ__DBQ700_How_healthy_is_the_diet_2.0,0.062126737
P_CBC__LBXMCHSI_Mean_cell_hemoglobin_pg,0.06020341
P_ALQ__ALQ121_Past_12_mo_how_often_drink_alcoholic_bev_10.0,0.059192978
P_BIOPRO__LBXSNASI_Sodium_mmol_L,0.058762446
P_BIOPRO__LBDSPHSI_Phosphorus_mmol_L,0.05702942
P_FERTIN__LBDFERSI_Ferritin_ug_L,0.05604562
P_MCQ__MCQ366D_2.0,0.055028576
P_CBC__LBXLYPCT_Lymphocyte_percent,0.052704923
P_CBC__LBDNENO_Segmented_neutrophils_num_1000_cell_uL,0.051530052
P_CBC__LBXRBCSI_Red_blood_cell_count_million_cells_uL,0.05126896
P_TST__LBDANDSI_Androstenedione_nmol_L,0.050141267
P_WHQ__WHD010_Current_self_reported_height_inches,0.04815492
P_BMX__BMXARML_Upper_Arm_Length_cm,0.04535048
P_PAQ__PAQ605_Vigorous_work_activity_2.0,0.04454932
P_PAQ__PAD680_Minutes_sedentary_activity,0.042809777
P_PBCD__LBDTHGSI_Blood_mercury_total_nmol_L,0.041503273
P_SMQSHS__SMQ878_Last_7_d_in_other_indoor_area_2.0,0.041285414
P_BIOPRO__LBDSCASI_Total_Calcium_mmol_L,0.041003942
P_BMX__BMXWT_Weight_kg,0.040763985
P_OHQ__OHQ845_Rate_the_health_of_your_teeth_and_gums_4.0,0.040108375
P_TST__LBDESTSI_Estradiol_pmol_L,0.03980966
P_CBC__LBXMOPCT_Monocyte_percent,0.039549123
P_HSCRP__LBXHSCRP_HS_C_Reactive_Protein_mg_L,0.03869326
P_PBCD__LBDBCDSI_Blood_cadmium_nmol_L,0.03746134
P_BMX__BMXHT_Standing_Height_cm,0.037187066
P_MCQ__MCQ160E_2.0,0.03636112
P_CBC__LBXBAPCT_Basophils_percent,0.036182906
P_DBQ__DBD905_of_ready_to_eat_foods_in_past_30_days,0.034784537
P_COT__LBXCOT_Cotinine_Serum_ng_mL,0.03467632
P_BIOPRO__LBXSATSI_Alanine_Aminotransferase_ALT_U_L,0.033998225
P_BIOPRO__LBXSAPSI_Alkaline_Phosphatase_ALP_IU_L,0.033907663
P_SLQ__SLQ300_Usual_sleep_time_on_weekdays_or_workdays_2,0.033331625
P_DBQ__DBD910_of_frozen_meals_pizza_in_past_30_days,0.03320399
P_BIOPRO__LBDSCRSI_Creatinine_refrigerated_serum_umol_L,0.03257774
P_TST__LBDESOSI_Estrone_pmol_L,0.03208816
P_FETIB__LBDPCT_Transferrin_Saturation,0.03198624
P_WHQ__WHD020_Current_self_reported_weight_pounds,0.031493347
P_CBC__LBDBANO_Basophils_number_1000_cells_uL,0.030620707
P_FETIB__LBDIRNSI_Iron_frozen_Serum_umol_L,0.03054988
P_HUQ__HUQ010_General_health_condition_4.0,0.030019673
P_OHQ__OHQ845_Rate_the_health_of_your_teeth_and_gums_3.0,0.029881408
P_SLQ__SLD013_Sleep_hours_weekends_3,0.029854655
P_PAQ__PAQ620_Moderate_work_activity_2.0,0.029778648
P_CBC__LBXWBCSI_White_blood_cell_count_1000_cells_uL,0.029457025
P_DPQ__DPQ020_Feeling_down_depressed_or_hopeless_1.0,0.027954133
P_CBC__LBXEOPCT_Eosinophils_percent,0.027307099
P_TST__LBXLUH_Luteinizing_Hormone_mIU_mL,0.02730489
P_SLQ__SLQ120_How_often_feel_overly_sleepy_during_day_3.0,0.026266111
P_KIQ_U__KIQ480_How_many_times_urinate_in_night_1.0,0.026253194
P_CBC__LBXHCT_Hematocrit,0.02609419
P_PBCD__LBDBMNSI_Blood_manganese_nmol_L,0.025439082
P_CBC__LBXMPSI_Mean_platelet_volume_fL,0.0246685
P_TST__LBXFSH_Follicle_Stimulating_Hormone_mIU_mL,0.024331333
P_MCQ__MCQ550_Has_DR_ever_said_you_have_gallstones_2.0,0.024140844
P_DEMO__INDFMPIR_Ratio_of_family_income_to_poverty,0.023960834
P_BIOPRO__LBDSUASI_Uric_acid_umol_L,0.021808978
P_BIOPRO__LBXSCK_Creatine_Phosphokinase_CPK_IU_L,0.021778155
P_DBQ__DBQ945_Shared_food_shopping_duty_2.0,0.021547792
P_KIQ_U__KIQ480_How_many_times_urinate_in_night_2.0,0.021547442
P_SMQFAM__SMD460_of_people_who_live_here_smoke_tobacco_2.0,0.020646583
P_OHXDEN__OHXRRES_Root_caries_restoration_2.0,0.020639133
P_SMQ__SMQ020_Smoked_at_least_100_cigarettes_in_life_2.0,0.020530514
P_TST__LBD17HSI_17_hydroxyprogesterone_nmol_L,0.019841867
P_FETIB__LBDTIBSI_Tot_Iron_Binding_Capacity_TIBC_umol_L,0.019395474
P_BIOPRO__LBXSAL_Albumin_refrigerated_serum_g_dL,0.018933434
P_HUQ__HUQ051_times_receive_healthcare_over_past_year_3.0,0.018608999
P_BIOPRO__LBDSGBSI_Globulin_g_L,0.018467424
P_DEMO__RIDRETH3_Race_Hispanic_origin_w_NH_Asian_3.0,0.016633825
P_MCQ__MCQ160A_2.0,0.016530579
P_CBC__LBDLYMNO_Lymphocyte_number_1000_cells_uL,0.015258424
P_MCQ__MCQ366C_2.0,0.014645124
P_DEMO__RIDRETH3_Race_Hispanic_origin_w_NH_Asian_4.0,0.013431669
P_SLQ__SLQ300_Usual_sleep_time_on_weekdays_or_workdays_4,0.012355328
P_OHXDEN__OHXRCARO_Other_non_carious_root_lesion_2.0,0.012338565
P_DBQ__DBQ197_Past_30_day_milk_product_consumption_2.0,0.0121117495
P_ALQ__ALQ151_Ever_have_4_5_or_more_drinks_every_day_2.0,0.012111614
P_ALQ__ALQ121_Past_12_mo_how_often_drink_alcoholic_bev_3.0,0.011697386
P_IMQ__IMQ011_Received_Hepatitis_A_vaccine_3.0,0.011645991
P_DEMO__DMDMARTZ_Marital_status_2.0,0.011637781
P_HUQ__HUQ010_General_health_condition_2.0,0.01134377
P_FSQ__FSDHH_Household_food_security_category_3.0,0.011292198
P_MCQ__MCQ366A_2.0,0.0093184225
P_HUQ__HUQ051_times_receive_healthcare_over_past_year_4.0,0.009277403
P_DPQ__DPQ010_Have_little_interest_in_doing_things_1.0,0.009088471
P_DPQ__DPQ020_Feeling_down_depressed_or_hopeless_2.0,0.009027152
P_WHQ__WHQ225_Times_lost_10_lbs_or_more_to_lose_weight_3.0,0.008760166
P_KIQ_U__KIQ005_How_often_have_urinary_leakage_4.0,0.008515949
P_MCQ__MCQ371D_2.0,0.007861275
P_DEMO__DMDEDUC2_Education_level_Adults_20_4.0,0.007775853
P_DBQ__DBQ229_Regular_milk_use_5_times_per_week_3.0,0.0071083866
P_SMQSHS__SMQ874_Last_7_d_spent_time_in_another_home_2.0,0.007083451
P_KIQ_U__KIQ480_How_many_times_urinate_in_night_3.0,0.006607438
P_CBC__LBDEONO_Eosinophils_number_1000_cells_uL,0.006282781
P_DEMO__RIDEXMON_Six_month_time_period_2.0,0.006119423
P_PAQ__PAQ635_Walk_or_bicycle_2.0,0.0059528793
P_HEPB_S__LBXHBS_Hepatitis_B_Surface_Antibody_2.0,0.0058893827
P_DEMO__RIDRETH3_Race_Hispanic_origin_w_NH_Asian_2.0,0.005849699
P_DEMO__RIDRETH3_Race_Hispanic_origin_w_NH_Asian_7.0,0.0058028037
P_SMQSHS__SMQ856_Last_7_d_worked_at_job_not_at_home_2.0,0.00578858
P_DEMO__DMDEDUC2_Education_level_Adults_20_2.0,0.005096556
P_MCQ__MCQ520_Abdominal_pain_during_past_12_months_2.0,0.0050808773
P_OHQ__OHQ033_Main_reason_for_last_dental_visit_3.0,0.004927294
P_DPQ__DPQ060_Feeling_bad_about_yourself_1.0,0.0038150274
P_CBC__LBDMONO_Monocyte_number_1000_cells_uL,0.0036933955
P_WHQ__WHQ225_Times_lost_10_lbs_or_more_to_lose_weight_5.0,0.0036074242
P_HEPBD__LBXHBC_Hepatitis_B_core_antibody_2.0,0.0035060819
P_FSQ__FSD151_HH_Emergency_food_received_2.0,0.0034205224
P_BIOPRO__LBXSC3SI_Bicarbonate_mmol_L,0.0033199904
P_HUQ__HUQ051_times_receive_healthcare_over_past_year_1.0,0.0033194958
P_SMQSHS__SMQ870_Last_7_d_rode_in_a_car_2.0,0.003291958
P_OHXDEN__OHXRCAR_Root_caries_2.0,0.002768666
P_HUQ__HUQ010_General_health_condition_3.0,0.002763782
P_MCQ__MCQ160E_9.0,0.002623124
P_IHGEM__LBDBGESI_Mercury_ethyl_nmol_L,0.0025787102
P_SLQ__SLD012_Sleep_hours_weekdays_or_workdays_4,0.002552648
P_SLQ__SLQ120_How_often_feel_overly_sleepy_during_day_4.0,0.0022770169
P_FASTQX__PHQ020_Coffee_or_tea_with_cream_or_sugar_2.0,0.0022197203
P_DPQ__DPQ070_Trouble_concentrating_on_things_1.0,0.001713942
P_MCQ__MCQ160C_2.0,0.0016820492
P_MCQ__MCQ160F_2.0,0.0012150056
P_DBQ__DBQ700_How_healthy_is_the_diet_3.0,0.0007075213
P_MCQ__MCQ371A_9.0,0.0
P_MCQ__MCQ371B_2.0,0.0
P_MCQ__MCQ371B_9.0,0.0
P_BMX__BMDSTATS_Body_Measures_Component_Status_Code_4.0,0.0
P_MCQ__MCQ371C_9.0,0.0
P_BMX__BMDSTATS_Body_Measures_Component_Status_Code_3.0,0.0
P_MCQ__MCQ371D_7.0,0.0
P_OHQ__OHQ030_When_did_you_last_visit_a_dentist_2.0,0.0
P_MCQ__MCQ371D_9.0,0.0
P_OCQ__OCD150_Type_of_work_done_last_week_2.0,0.0
P_OCQ__OCD150_Type_of_work_done_last_week_3.0,0.0
P_OCQ__OCD150_Type_of_work_done_last_week_4.0,0.0
P_MCQ__MCQ366D_9.0,0.0
P_OHQ__OHQ030_When_did_you_last_visit_a_dentist_3.0,0.0
P_OHQ__OHQ030_When_did_you_last_visit_a_dentist_4.0,0.0
P_OHQ__OHQ030_When_did_you_last_visit_a_dentist_5.0,0.0
P_OHQ__OHQ030_When_did_you_last_visit_a_dentist_6.0,0.0
P_OHQ__OHQ030_When_did_you_last_visit_a_dentist_7.0,0.0
P_OHQ__OHQ033_Main_reason_for_last_dental_visit_2.0,0.0
P_BMX__BMDSTATS_Body_Measures_Component_Status_Code_2.0,0.0
P_MCQ__MCQ371A_2.0,0.0
P_BPXO__BPAOCSZ_Coded_cuff_size_oscillometric_3.0,0.0
P_BPXO__BPAOARM_Arm_selected_oscillometric_R,0.0
P_MCQ__MCQ366C_9.0,0.0
P_MCQ__MCQ160F_9.0,0.0
P_MCQ__MCQ160M_2.0,0.0
P_MCQ__MCQ160M_7.0,0.0
P_MCQ__MCQ160M_9.0,0.0
P_MCQ__MCQ160P_2.0,0.0
P_MCQ__MCQ160P_9.0,0.0
P_MCQ__MCQ160L_2.0,0.0
P_MCQ__MCQ160L_9.0,0.0
P_OHXDEN__OHDDESTS_Dentition_Status_Code_3.0,0.0
P_OHXDEN__OHDDESTS_Dentition_Status_Code_2.0,0.0
P_MCQ__MCQ560_Ever_had_gallbladder_surgery_2.0,0.0
P_MCQ__MCQ220_Ever_told_you_had_cancer_or_malignancy_2.0,0.0
P_MCQ__MCQ300B_2.0,0.0
P_MCQ__MCQ300B_9.0,0.0
P_OHXDEN__OHDEXSTS_Overall_Oral_Health_Exam_Status_3.0,0.0
P_MCQ__MCQ300C_7.0,0.0
P_MCQ__MCQ300C_9.0,0.0
P_OHXDEN__OHDEXSTS_Overall_Oral_Health_Exam_Status_2.0,0.0
P_MCQ__MCQ300A_7.0,0.0
P_MCQ__MCQ300A_9.0,0.0
P_BPXO__BPAOCSZ_Coded_cuff_size_oscillometric_5.0,0.0
P_MCQ__MCQ366A_9.0,0.0
P_BPXO__BPAOCSZ_Coded_cuff_size_oscillometric_4.0,0.0
P_MCQ__MCQ366B_9.0,0.0
P_OHQ__OHQ033_Main_reason_for_last_dental_visit_5.0,0.0
P_OHQ__OHQ033_Main_reason_for_last_dental_visit_4.0,0.0
P_ALQ__ALQ121_Past_12_mo_how_often_drink_alcoholic_bev_2.0,0.0
P_OHQ__OHQ770_Past_yr_need_dental_but_couldn_t_get_it_2.0,0.0
P_DBQ__DBD895_of_meals_not_home_prepared,0.0
P_SLQ__SLQ050_Ever_told_doctor_had_trouble_sleeping_2.0,0.0
P_SLQ__SLQ120_How_often_feel_overly_sleepy_during_day_1.0,0.0
P_SLQ__SLQ120_How_often_feel_overly_sleepy_during_day_2.0,0.0
P_DEMO__DMDBORN4_Country_of_birth_2.0,0.0
P_DEMO__RIDRETH3_Race_Hispanic_origin_w_NH_Asian_6.0,0.0
P_SMQFAM__SMD460_of_people_who_live_here_smoke_tobacco_1.0,0.0
P_DEMO__RIAGENDR_Gender_2.0,0.0
P_SMQRTU__SMQ681_Smoked_tobacco_last_5_days_2.0,0.0
P_SMQRTU__SMQ851_Used_smokeless_tobacco_last_5_days_2.0,0.0
P_SMQRTU__SMQ863_Used_nicotine_replacement_last_5_days_2.0,0.0
P_SMQRTU__SMDANY_Used_any_tobacco_product_last_5_days_2.0,0.0
P_SMQSHS__SMQ860_Last_7_d_spent_time_in_a_restaurant_2.0,0.0
P_SLQ__SLQ040_How_often_do_you_snort_or_stop_breathing_2.0,0.0
P_SMQSHS__SMQ866_Last_7_d_spent_time_in_a_bar_2.0,0.0
P_SMQSHS__SMQ872_Last_7_d_someone_smoked_in_car_2.0,0.0
P_CBC__LBXNRBC_Nucleated_red_blood_cells_100_WBC,0.0
P_SMQSHS__SMQ940_Last_7_d_someone_used_e_cigs_indoors_2.0,0.0
P_WHQ__WHQ030_How_do_you_consider_your_weight_2.0,0.0
P_WHQ__WHQ030_How_do_you_consider_your_weight_3.0,0.0
P_WHQ__WHQ040_Like_to_weigh_more_less_or_same_2.0,0.0
P_WHQ__WHQ040_Like_to_weigh_more_less_or_same_3.0,0.0
P_WHQ__WHQ070_Tried_to_lose_weight_in_past_year_2.0,0.0
P_WHQ__WHQ225_Times_lost_10_lbs_or_more_to_lose_weight_2.0,0.0
P_WHQ__WHQ225_Times_lost_10_lbs_or_more_to_lose_weight_4.0,0.0
P_SLQ__SLQ040_How_often_do_you_snort_or_stop_breathing_3.0,0.0
P_SLQ__SLQ040_How_often_do_you_snort_or_stop_breathing_1.0,0.0
P_OHQ__OHQ845_Rate_the_health_of_your_teeth_and_gums_2.0,0.0
P_DEMO__DMDEDUC2_Education_level_Adults_20_3.0,0.0
P_DEMO__DMDMARTZ_Marital_status_99.0,0.0
P_OHQ__OHQ845_Rate_the_health_of_your_teeth_and_gums_5.0,0.0
P_DEMO__DMDMARTZ_Marital_status_3.0,0.0
P_DEMO__DMDEDUC2_Education_level_Adults_20_9.0,0.0
P_DEMO__DMDEDUC2_Education_level_Adults_20_7.0,0.0
P_PAQ__PAQ650_Vigorous_recreational_activities_2.0,0.0
P_PAQ__PAQ665_Moderate_recreational_activities_2.0,0.0
P_PUQMEC__PUQ100_Products_used_in_home_to_control_insects_2.0,0.0
P_PUQMEC__PUQ110_Products_used_to_kill_weeds_2.0,0.0
P_DEMO__DMDEDUC2_Education_level_Adults_20_5.0,0.0
P_SLQ__SLQ300_Usual_sleep_time_on_weekdays_or_workdays_3,0.0
P_SLQ__SLQ300_Usual_sleep_time_on_weekdays_or_workdays_5,0.0
P_SLQ__SLQ030_How_often_do_you_snore_3.0,0.0
P_DEMO__DMDBORN4_Country_of_birth_99.0,0.0
P_SLQ__SLD012_Sleep_hours_weekdays_or_workdays_3,0.0
P_SLQ__SLQ320_Usual_sleep_time_on_weekends_2,0.0
P_SLQ__SLQ320_Usual_sleep_time_on_weekends_3,0.0
P_SLQ__SLQ320_Usual_sleep_time_on_weekends_4,0.0
P_SLQ__SLQ320_Usual_sleep_time_on_weekends_5,0.0
P_SLQ__SLD013_Sleep_hours_weekends_2,0.0
P_DEMO__DMDBORN4_Country_of_birth_77.0,0.0
P_SLQ__SLD013_Sleep_hours_weekends_4,0.0
P_SLQ__SLQ030_How_often_do_you_snore_1.0,0.0
P_SLQ__SLQ030_How_often_do_you_snore_2.0,0.0
P_DEMO__DMDMARTZ_Marital_status_77.0,0.0
P_MCQ__MCQ160C_9.0,0.0
P_OHXDEN__OHXIMP_Dental_Implant_yes_no_2.0,0.0
P_DPQ__DPQ050_Poor_appetite_or_overeating_2.0,0.0
P_DPQ__DPQ010_Have_little_interest_in_doing_things_2.0,0.0
P_DPQ__DPQ010_Have_little_interest_in_doing_things_3.0,0.0
P_HEPBD__LBXHBC_Hepatitis_B_core_antibody_3.0,0.0
P_HEPA__LBXHA_Hepatitis_A_antibody_3.0,0.0
P_DPQ__DPQ030_Trouble_sleeping_or_sleeping_too_much_1.0,0.0
P_DPQ__DPQ030_Trouble_sleeping_or_sleeping_too_much_2.0,0.0
P_DPQ__DPQ030_Trouble_sleeping_or_sleeping_too_much_3.0,0.0
P_DPQ__DPQ040_Feeling_tired_or_having_little_energy_1.0,0.0
P_DPQ__DPQ040_Feeling_tired_or_having_little_energy_2.0,0.0
P_DPQ__DPQ040_Feeling_tired_or_having_little_energy_3.0,0.0
P_DPQ__DPQ050_Poor_appetite_or_overeating_1.0,0.0
P_DPQ__DPQ050_Poor_appetite_or_overeating_3.0,0.0
P_HEPC__LBXHCR_Hepatitis_C_RNA_3.0,0.0
P_HEPA__LBXHA_Hepatitis_A_antibody_2.0,0.0
P_DPQ__DPQ060_Feeling_bad_about_yourself_2.0,0.0
P_DPQ__DPQ060_Feeling_bad_about_yourself_3.0,0.0
P_DPQ__DPQ070_Trouble_concentrating_on_things_2.0,0.0
P_DPQ__DPQ070_Trouble_concentrating_on_things_3.0,0.0
P_DPQ__DPQ080_Moving_or_speaking_slowly_or_too_fast_1.0,0.0
P_DPQ__DPQ080_Moving_or_speaking_slowly_or_too_fast_2.0,0.0
P_DPQ__DPQ080_Moving_or_speaking_slowly_or_too_fast_3.0,0.0
P_DPQ__DPQ090_Thoughts_you_would_be_better_off_dead_1.0,0.0
P_DPQ__DPQ090_Thoughts_you_would_be_better_off_dead_2.0,0.0
P_DPQ__DPQ090_Thoughts_you_would_be_better_off_dead_3.0,0.0
P_HEPC__LBXHCR_Hepatitis_C_RNA_2.0,0.0
P_DBQ__DBQ940_Main_food_shopper_2.0,0.0
P_FASTQX__PHDSESN_Session_in_which_SP_was_examined_2.0,0.0
P_BPQ__BPQ020_Ever_told_you_had_high_blood_pressure_2.0,0.0
P_ALQ__ALQ121_Past_12_mo_how_often_drink_alcoholic_bev_1.0,0.0
P_ALQ__ALQ121_Past_12_mo_how_often_drink_alcoholic_bev_7.0,0.0
P_ALQ__ALQ121_Past_12_mo_how_often_drink_alcoholic_bev_8.0,0.0
P_ALQ__ALQ121_Past_12_mo_how_often_drink_alcoholic_bev_9.0,0.0
P_ALQ__ALQ111_Ever_had_a_drink_of_any_kind_of_alcohol_2.0,0.0
P_HEPE__LBDHEM_Hepatitis_E_IgM_anti_HEV_2.0,0.0
P_AUQ__AUQ054_General_condition_of_hearing_2.0,0.0
P_AUQ__AUQ054_General_condition_of_hearing_3.0,0.0
P_AUQ__AUQ054_General_condition_of_hearing_4.0,0.0
P_AUQ__AUQ054_General_condition_of_hearing_5.0,0.0
P_AUQ__AUQ054_General_condition_of_hearing_6.0,0.0
P_HEPE__LBDHEG_Hepatitis_E_IgG_anti_HEV_2.0,0.0
P_DBQ__DBQ935_Shared_meal_planning_preparing_duty_2.0,0.0
P_HEPC__LBDHCI_Hepatitis_C_Antibody_confirmed_4.0,0.0
P_DBQ__DBQ700_How_healthy_is_the_diet_4.0,0.0
P_DBQ__DBQ700_How_healthy_is_the_diet_5.0,0.0
P_DBQ__DBQ197_Past_30_day_milk_product_consumption_1.0,0.0
P_HEPC__LBDHCI_Hepatitis_C_Antibody_confirmed_3.0,0.0
P_DBQ__DBQ197_Past_30_day_milk_product_consumption_3.0,0.0
P_DBQ__DBQ197_Past_30_day_milk_product_consumption_4.0,0.0
P_DBQ__DBQ229_Regular_milk_use_5_times_per_week_2.0,0.0
P_HEPC__LBDHCI_Hepatitis_C_Antibody_confirmed_2.0,0.0
P_DBQ__CBQ596_Heard_of_My_Plate_2.0,0.0
P_DBQ__DBQ930_Main_meal_planner_preparer_2.0,0.0
P_FSQ__FSDHH_Household_food_security_category_2.0,0.0
P_FSQ__FSDHH_Household_food_security_category_4.0,0.0
P_MCQ__MCQ160D_9.0,0.0
P_OHXDEN__OHXRRES_Root_caries_restoration_9.0,0.0
P_INQ__INDFMMPC_Family_monthly_poverty_level_category_3.0,0.0
P_KIQ_U__KIQ022_Ever_told_you_had_weak_failing_kidneys_2.0,0.0
P_KIQ_U__KIQ026_Ever_had_kidney_stones_2.0,0.0
P_KIQ_U__KIQ005_How_often_have_urinary_leakage_2.0,0.0
P_OHXREF__OHDEXSTS_Overall_Oral_Health_Exam_Status_3.0,0.0
P_OHXREF__OHDEXSTS_Overall_Oral_Health_Exam_Status_2.0,0.0
P_KIQ_U__KIQ005_How_often_have_urinary_leakage_5.0,0.0
P_KIQ_U__KIQ042_Leak_urine_during_physical_activities_2.0,0.0
P_OHXDEN__OHXRRESO_Other_non_carious_root_restoration_9.0,0.0
P_KIQ_U__KIQ046_Leak_urine_during_nonphysical_activities_2.0,0.0
P_OHXDEN__OHXRRESO_Other_non_carious_root_restoration_2.0,0.0
P_OHXDEN__OHXRCARO_Other_non_carious_root_lesion_9.0,0.0
P_IMQ__IMQ020_Received_Hepatitis_B_3_dose_series_3.0,0.0
P_KIQ_U__KIQ480_How_many_times_urinate_in_night_4.0,0.0
P_KIQ_U__KIQ480_How_many_times_urinate_in_night_5.0,0.0
P_MCQ__MCQ010_Ever_been_told_you_have_asthma_2.0,0.0
P_MCQ__MCQ053_Taking_treatment_for_anemia_past_3_mos_2.0,0.0
P_OHXDEN__OHXRCAR_Root_caries_9.0,0.0
P_MCQ__MCQ092_Ever_receive_blood_transfusion_2.0,0.0
P_MCQ__MCQ160A_9.0,0.0
P_MCQ__MCQ160B_2.0,0.0
P_MCQ__MCQ160B_9.0,0.0
P_ALQ__ALQ121_Past_12_mo_how_often_drink_alcoholic_bev_5.0,0.0
P_MCQ__MCQ160D_2.0,0.0
P_INQ__INDFMMPC_Family_monthly_poverty_level_category_2.0,0.0
P_IMQ__IMQ020_Received_Hepatitis_B_3_dose_series_2.0,0.0
P_FSQ__FSDAD_Adult_food_security_category_2.0,0.0
P_FASTQX__PHQ050_Antacids_laxatives_or_anti_diarrheals_2.0,0.0
P_FSQ__FSDAD_Adult_food_security_category_3.0,0.0
P_FSQ__FSDAD_Adult_food_security_category_4.0,0.0
P_FSQ__FSQ165_HH_FS_benefit_ever_received_2.0,0.0
P_FSQ__FSD162_HH_WIC_benefit_receive_in_last_12_month_2.0,0.0
P_HEQ__HEQ010_Ever_told_you_have_Hepatitis_B_2.0,0.0
P_HEQ__HEQ030_Ever_told_you_have_Hepatitis_C_2.0,0.0
P_HIQ__HIQ011_Covered_by_health_insurance_2.0,0.0
P_HIQ__HIQ270_Do_plans_cover_prescriptions_2.0,0.0
P_HIQ__HIQ210_Time_when_no_insurance_in_past_year_2.0,0.0
P_HSQ__HSQ590_Blood_ever_tested_for_HIV_virus_2.0,0.0
P_FASTQX__PHQ060_Dietary_supplements_2.0,0.0
P_HUQ__HUQ010_General_health_condition_5.0,0.0
P_IMQ__IMQ011_Received_Hepatitis_A_vaccine_2.0,0.0
P_HUQ__HUQ030_Routine_place_to_go_for_healthcare_2.0,0.0
P_HUQ__HUQ030_Routine_place_to_go_for_healthcare_3.0,0.0
P_HUQ__HUQ051_times_receive_healthcare_over_past_year_2.0,0.0
P_FASTQX__PHQ040_Gum_mints_lozenges_or_cough_drops_2.0,0.0
P_FASTQX__PHQ030_Alcohol_such_as_beer_wine_or_liquor_2.0,0.0
P_HUQ__HUQ051_times_receive_healthcare_over_past_year_5.0,0.0
P_HUQ__HUQ051_times_receive_healthcare_over_past_year_6.0,0.0
P_HUQ__HUQ051_times_receive_healthcare_over_past_year_7.0,0.0
P_HUQ__HUQ051_times_receive_healthcare_over_past_year_8.0,0.0
P_HUQ__HUQ071_Overnight_hospital_patient_in_last_year_2.0,0.0
P_HUQ__HUQ090_Seen_mental_health_professional_past_yr_2.0,0.0
P_DPQ__DPQ020_Feeling_down_depressed_or_hopeless_3.0,0.0
