0,1,y_true
0.5424902906571746,0.4575097093428254,True
0.9762560624834195,0.0237439375165806,False
0.9449149051766141,0.055085094823385805,False
0.9663327704947811,0.03366722950521889,False
0.9768216071623133,0.023178392837686756,False
0.9388365579151389,0.06116344208486116,False
0.9681414739116964,0.03185852608830369,False
0.9502783716363572,0.04972162836364282,False
0.9849593813370928,0.015040618662907141,False
0.8794650584884388,0.12053494151156122,False
0.035480039657497464,0.9645199603425025,True
0.9547951661189729,0.04520483388102712,False
0.7507145427485287,0.24928545725147128,False
0.9687473523206449,0.03125264767935513,False
0.92920943262419,0.07079056737581006,False
0.9982395086163544,0.0017604913836456722,False
0.9826560804266438,0.01734391957335618,False
0.980479367601756,0.01952063239824393,False
0.9426779956988912,0.057322004301108835,False
0.9495870485059292,0.0504129514940708,False
0.9972776222583165,0.0027223777416834818,False
0.9777467071280941,0.022253292871905868,False
0.3146724075223325,0.6853275924776675,True
0.18235754946856642,0.8176424505314336,True
0.9749388407310067,0.025061159268993285,False
0.992427043957633,0.007572956042366941,False
0.984226922091113,0.01577307790888707,False
0.7412671049371098,0.25873289506289016,True
0.5651965169253614,0.43480348307463856,False
0.8797658156979514,0.12023418430204855,False
0.9867763732932249,0.01322362670677516,False
0.7648906185600086,0.23510938143999133,False
0.3081569759521957,0.6918430240478043,True
0.9351499715459105,0.06485002845408946,False
0.9795176120482624,0.020482387951737662,False
0.9346735839731745,0.06532641602682553,False
0.8467110282444641,0.15328897175553594,False
0.9952295290059796,0.004770470994020427,False
0.9816025845621137,0.01839741543788632,False
0.9762502347135175,0.023749765286482545,False
0.4815129709775141,0.5184870290224859,False
0.9052074196470636,0.0947925803529363,True
0.9797597930863642,0.020240206913635865,False
0.3582206203782481,0.6417793796217519,False
0.9957312503152104,0.004268749684789607,False
0.9974095042305906,0.0025904957694093426,False
0.8156606429153165,0.18433935708468352,True
0.9189998193972518,0.08100018060274812,False
0.9943364709036271,0.005663529096372963,False
0.996049013959588,0.003950986040412031,False
0.9938502322931392,0.006149767706860839,False
0.9987419049784062,0.0012580950215938403,False
0.9921567874670004,0.007843212532999601,False
0.9723412566502683,0.02765874334973178,False
0.4394886047405502,0.5605113952594498,False
0.7618883209809625,0.2381116790190375,False
0.9368741192122321,0.06312588078776792,False
0.981059754777667,0.018940245222333,False
0.9349066537406676,0.06509334625933237,False
0.5114972537524067,0.4885027462475933,False
0.9979380983033722,0.0020619016966277534,False
0.5821004449455438,0.41789955505445625,False
0.2674733562811632,0.7325266437188368,True
0.7243788154167274,0.2756211845832725,True
0.9840190783650756,0.015980921634924396,False
0.12419201342825581,0.8758079865717442,True
0.9264465009329649,0.07355349906703512,False
0.9808385103853464,0.01916148961465357,False
0.9384571656149097,0.0615428343850903,False
0.7440274210466946,0.25597257895330533,False
0.9515687471042428,0.048431252895757254,False
0.58959173479342,0.41040826520658,False
0.2045911676908736,0.7954088323091264,True
0.21716337292911037,0.7828366270708896,False
0.9611449517845987,0.03885504821540135,False
0.8582709176926107,0.1417290823073893,True
0.9969055878010021,0.0030944121989978732,False
0.23420215059860172,0.7657978494013983,True
0.678292165229093,0.321707834770907,False
0.7198139971954087,0.28018600280459127,False
0.06688775392931745,0.9331122460706825,True
0.706496065901449,0.2935039340985511,False
0.061121815134959956,0.93887818486504,True
0.8328509993611608,0.1671490006388392,False
0.9979624169645295,0.0020375830354704863,False
0.9864659192556349,0.013534080744365169,False
0.9616707377052537,0.038329262294746286,False
0.9979322227748301,0.002067777225169912,False
0.8556123114187248,0.14438768858127518,False
0.2189951105884823,0.7810048894115177,True
0.9289764997292815,0.07102350027071845,False
0.9296379371326116,0.07036206286738843,False
0.9571519726947524,0.04284802730524758,False
0.003668219944529927,0.9963317800554701,True
0.00501297289524083,0.9949870271047592,True
0.6383895250932146,0.36161047490678544,False
0.9559750892321273,0.04402491076787274,False
0.5687693676452878,0.4312306323547122,False
0.8392896123524384,0.16071038764756165,False
0.9923248108745549,0.007675189125445032,False
0.6872567166151224,0.3127432833848776,False
0.9432473144089363,0.05675268559106377,False
0.9703588039672905,0.02964119603270954,False
0.8717335045199675,0.1282664954800326,False
0.9961295837841472,0.003870416215852794,False
0.47696324902293663,0.5230367509770634,True
0.9376649210725337,0.06233507892746622,False
0.8802017553213801,0.11979824467861994,False
0.7722136272491249,0.22778637275087504,False
0.3904110497079367,0.6095889502920633,True
0.7613845917833911,0.23861540821660887,False
0.7383874340332373,0.2616125659667627,False
0.7391588713615883,0.2608411286384117,False
0.5785084873967714,0.42149151260322865,True
0.9663522015543511,0.033647798445648906,False
0.8574545401138599,0.14254545988614006,False
0.9947348932982458,0.005265106701754122,False
0.960634181518047,0.03936581848195294,False
0.9835750637261949,0.016424936273805184,False
0.9932610940520982,0.006738905947901827,False
0.9933492038270046,0.006650796172995401,False
0.9465221982867164,0.053477801713283646,False
0.5720621803962702,0.42793781960372973,False
0.9965296448576497,0.0034703551423503343,False
0.18339832293548697,0.816601677064513,False
0.9585617876043202,0.041438212395679776,False
0.8576383410877437,0.14236165891225633,False
0.963971461168197,0.036028538831803014,False
0.9758305564005273,0.024169443599472692,False
0.9939564853587323,0.0060435146412677445,False
0.9771431599806711,0.022856840019328854,False
0.9931810867506328,0.006818913249367214,False
0.409486119680445,0.590513880319555,True
0.8187440795618215,0.18125592043817848,False
0.7036893684467014,0.2963106315532986,False
0.9924909560235512,0.007509043976448853,False
0.9767551499440014,0.02324485005599867,False
0.9581358482676701,0.04186415173232992,False
0.9893910610662527,0.010608938933747229,False
0.9879265304348596,0.01207346956514046,False
0.9588461514419621,0.04115384855803797,False
0.9904323365867588,0.009567663413241261,False
0.9728269560158077,0.027173043984192242,False
0.9926035349783859,0.007396465021614118,False
0.1559597420214578,0.8440402579785422,True
0.9887934389036002,0.01120656109639988,False
0.9755506767909727,0.02444932320902721,False
0.6593428468026332,0.34065715319736684,False
0.9961618438046523,0.0038381561953476783,False
0.8742007800280251,0.12579921997197482,True
0.9816336154551206,0.01836638454487933,False
0.8925991618678494,0.10740083813215062,False
0.9924738884951588,0.007526111504841208,False
0.9870442906818072,0.012955709318192796,False
0.7585153474179306,0.2414846525820694,False
0.8132978062122067,0.18670219378779335,True
0.9478877117367831,0.052112288263216906,False
0.9968670871158185,0.0031329128841814636,False
0.991582716352177,0.008417283647823024,False
0.7989775038557964,0.20102249614420367,True
0.9599595332470661,0.0400404667529339,False
0.9401065603338266,0.05989343966617339,False
0.9679530913802438,0.03204690861975623,False
0.998037798097762,0.0019622019022379556,False
0.8238222895172077,0.17617771048279232,False
0.4881986960653004,0.5118013039346996,False
0.9526521685142227,0.047347831485777245,False
0.6296675143353634,0.37033248566463656,False
0.12217723507256639,0.8778227649274336,True
0.9179574054981793,0.0820425945018207,False
0.964948050663189,0.035051949336811015,False
0.9979911629991655,0.00200883700083457,False
0.9472112355698113,0.05278876443018864,False
0.8840606764304656,0.11593932356953437,False
0.9151557895678644,0.08484421043213566,False
0.6907498698888317,0.30925013011116825,False
0.7910886044206082,0.2089113955793918,False
0.9815028025074864,0.018497197492513502,False
0.991187317324651,0.008812682675348942,False
0.7516174024985949,0.24838259750140518,False
0.8725378683699488,0.12746213163005113,False
0.8242156997988905,0.1757843002011094,False
0.3145285119006942,0.6854714880993058,True
0.9906793332076173,0.009320666792382722,False
0.967344535967366,0.03265546403263398,False
0.9925970412465104,0.007402958753489601,False
0.7453262081965929,0.2546737918034071,False
0.7838860001637509,0.21611399983624913,False
0.8012078384139495,0.19879216158605048,False
0.8263002409374821,0.1736997590625179,False
0.9877635287050213,0.012236471294978733,False
0.9965563275486844,0.0034436724513155787,False
0.9676048793164415,0.032395120683558536,False
0.9337296627487078,0.06627033725129215,False
0.751669424952119,0.24833057504788109,False
0.9949062723543939,0.00509372764560614,False
0.9700517751353005,0.029948224864699554,False
0.9389889759368457,0.06101102406315429,False
0.989125667597036,0.010874332402963937,False
0.9593131172605052,0.04068688273949486,False
0.9963518912715448,0.003648108728455169,False
0.9784263543104613,0.02157364568953865,False
0.9716001330554326,0.02839986694456742,False
0.725026472180683,0.274973527819317,False
0.9787210159690154,0.021278984030984594,False
0.985765771555364,0.014234228444635936,False
0.8589399013974963,0.1410600986025037,False
0.1977745575298534,0.8022254424701466,True
0.8329262805715842,0.16707371942841573,False
0.9060523617507535,0.09394763824924647,False
0.9553443909865964,0.0446556090134036,False
0.879660938436021,0.12033906156397903,False
0.9977101711856364,0.002289828814363595,False
0.9683267530053694,0.0316732469946306,False
0.9963186930399021,0.0036813069600978867,False
0.9217818475137214,0.07821815248627867,True
0.9914390346613401,0.008560965338659942,False
0.05001603343838168,0.9499839665616183,True
0.648832456070559,0.351167543929441,False
0.9967960122708291,0.0032039877291708137,False
0.9421591394132646,0.05784086058673548,False
0.9175650140433768,0.08243498595662324,False
0.9925849679134283,0.007415032086571682,False
0.9910229365115033,0.008977063488496698,False
0.713874773410051,0.28612522658994893,True
0.8307235198572449,0.16927648014275512,True
0.9614932140168562,0.03850678598314378,False
0.9754063934439069,0.02459360655609309,False
0.887973497391034,0.11202650260896596,False
0.8491050686015944,0.15089493139840565,False
0.6784684008664715,0.32153159913352847,False
0.9430007486836507,0.056999251316349336,False
0.9909985586460579,0.009001441353942099,False
0.9952941545454016,0.004705845454598388,False
0.4735977782478511,0.5264022217521489,False
0.9896445516463623,0.010355448353637615,False
0.9985159935546877,0.0014840064453122733,False
0.9004454292566055,0.0995545707433945,False
0.9912132497516173,0.008786750248382753,False
0.9354607789551752,0.06453922104482485,False
0.9892841249542315,0.01071587504576859,False
0.997944685995267,0.0020553140047330273,False
0.9974793931972846,0.002520606802715382,False
0.06779157218572573,0.9322084278142743,True
0.703729905954823,0.29627009404517696,False
0.9169896815127832,0.0830103184872168,False
0.8592689835066494,0.14073101649335057,False
0.9550893515932449,0.044910648406755044,False
0.9955219116126799,0.0044780883873201645,False
0.9659852652501224,0.03401473474987756,False
0.9985076082092635,0.0014923917907364171,False
0.5101206948827384,0.4898793051172616,False
0.19407692068854887,0.8059230793114511,True
0.36905457762800675,0.6309454223719932,True
0.9821029700080126,0.017897029991987345,False
0.9461287284536934,0.05387127154630655,False
0.08303588031029252,0.9169641196897075,True
0.8578950551415139,0.14210494485848607,True
0.9137718564658992,0.08622814353410076,False
0.9970821527113587,0.00291784728864126,False
0.9048903777124941,0.09510962228750584,False
0.3801219430209022,0.6198780569790978,True
0.6982841007019986,0.30171589929800136,False
0.9702490615775891,0.029750938422410902,False
0.027821494858980667,0.9721785051410193,True
0.9890872248778919,0.010912775122108045,False
0.9935501258239436,0.006449874176056383,False
0.5450896138153137,0.45491038618468627,True
0.9970036891213536,0.0029963108786464202,False
0.9858882460061247,0.014111753993875334,False
0.8296127130183019,0.1703872869816981,True
0.926372745687501,0.07362725431249892,False
0.9159372948022555,0.08406270519774452,False
0.9899406277331773,0.010059372266822792,False
0.11069921834161078,0.8893007816583892,False
0.9417257586540941,0.058274241345905815,False
0.9667314610044142,0.03326853899558579,False
0.8870469356656147,0.11295306433438536,False
0.24614347505516299,0.753856524944837,True
0.9973722146750144,0.0026277853249856075,False
0.997264544763852,0.00273545523614808,False
0.8530473348362029,0.14695266516379712,False
0.933699091507108,0.066300908492892,False
0.8121934367287114,0.18780656327128864,False
0.9907682155271283,0.00923178447287163,False
0.9566187334160281,0.043381266583971886,False
0.6211818885424125,0.3788181114575874,False
0.917439648509565,0.08256035149043495,False
0.6996491479268105,0.3003508520731894,True
0.9385179903214085,0.06148200967859152,False
0.7978832092150717,0.2021167907849283,False
0.9236604326221987,0.0763395673778013,False
0.9518471129365876,0.0481528870634124,False
0.9983098956353611,0.0016901043646389451,False
0.9959422404828906,0.004057759517109368,False
0.028754046316355253,0.9712459536836447,True
0.9059233650597187,0.09407663494028132,False
0.9891887062655752,0.010811293734424762,False
0.9769236813683477,0.023076318631652278,False
0.997357023497663,0.0026429765023370153,False
0.18349112679026958,0.8165088732097304,True
0.9975471536683295,0.0024528463316705108,False
0.4804883844959785,0.5195116155040215,False
0.9913398681795754,0.008660131820424577,False
0.9956270364369858,0.004372963563014219,False
0.7916468740593415,0.2083531259406585,False
0.9814682403855693,0.01853175961443065,False
0.2549321397452903,0.7450678602547097,True
0.42839252740627876,0.5716074725937212,False
0.7591988221443512,0.2408011778556488,False
0.9768544247831643,0.02314557521683573,False
0.9983995700636294,0.001600429936370566,False
0.9966251090066347,0.0033748909933653155,False
0.9961807925022047,0.0038192074977952918,False
0.9733006724701327,0.02669932752986723,False
0.9971805062244395,0.0028194937755604953,False
0.7145470456139367,0.28545295438606333,False
0.6813880423204772,0.31861195767952283,True
0.9512480464949958,0.04875195350500418,False
0.9905346626405208,0.00946533735947914,False
0.9865234195822467,0.013476580417753374,False
0.9375392919771215,0.06246070802287855,False
0.9541756792060977,0.04582432079390232,False
0.9350418155973372,0.06495818440266277,False
0.9854821520748639,0.014517847925136072,False
0.9974272485300418,0.0025727514699581157,False
0.9927771015349028,0.007222898465097188,False
0.9597212232879591,0.040278776712040956,False
0.887958989002149,0.11204101099785099,True
0.28416947986650265,0.7158305201334973,False
0.9953253561129531,0.00467464388704681,False
0.8046074487120862,0.19539255128791375,False
0.8916812799752123,0.10831872002478773,False
0.9764861338281102,0.023513866171889747,False
0.4974206605008763,0.5025793394991237,False
0.8998859154749556,0.10011408452504447,False
0.9895996208969007,0.010400379103099332,False
0.5015600344363628,0.49843996556363723,True
0.9949309622999258,0.005069037700074152,False
0.8253552935503579,0.17464470644964208,False
0.9322682056663154,0.06773179433368462,False
0.8864129956737876,0.11358700432621242,False
0.9270730130122864,0.07292698698771355,False
0.9034768755649778,0.09652312443502226,False
0.8891674799018667,0.11083252009813326,False
0.9062363863125237,0.09376361368747632,False
0.9925633695053335,0.007436630494666424,False
0.6994914443046234,0.30050855569537654,True
0.8688330906787367,0.13116690932126332,False
0.7490600421690721,0.250939957830928,False
0.6043914820714786,0.39560851792852136,False
0.8864799082636,0.11352009173639999,False
0.7136171790963963,0.2863828209036036,False
0.09464578655610534,0.9053542134438947,True
0.35352233512851483,0.6464776648714852,True
0.9148028225243663,0.08519717747563367,False
0.9425566229106014,0.057443377089398576,False
0.9967435468623733,0.003256453137626704,False
0.9955136386723602,0.004486361327639804,False
0.427780944150995,0.572219055849005,False
0.9525231250620071,0.04747687493799295,False
0.9541053099814462,0.0458946900185538,False
0.4567813768372553,0.5432186231627447,True
0.48927915148227463,0.5107208485177254,False
0.7528238617577574,0.24717613824224263,False
0.44751443232733745,0.5524855676726625,True
0.2838941910422239,0.7161058089577761,False
0.9928744479436289,0.007125552056371102,False
0.6828539767666233,0.3171460232333767,False
0.9439376557624436,0.056062344237556364,False
0.7695933401084356,0.23040665989156442,False
0.9526508640528208,0.04734913594717916,False
0.9829927230375785,0.017007276962421557,False
0.9978200076352226,0.0021799923647774487,False
0.9963629655457384,0.0036370344542615046,False
0.9958270408277087,0.004172959172291317,False
0.9870416640840176,0.012958335915982383,False
0.9585594638487963,0.041440536151203716,False
0.9645871486397902,0.03541285136020978,False
0.9633708736730147,0.03662912632698532,False
0.8668318277458109,0.1331681722541891,False
0.8756663330002452,0.12433366699975483,False
0.9946954094673494,0.005304590532650616,False
0.9689555163685688,0.031044483631431252,False
0.7877540680694737,0.21224593193052627,False
0.8878938892377867,0.1121061107622133,False
0.45488777948088777,0.5451122205191122,False
0.9857997256094425,0.014200274390557478,False
0.9015797059007302,0.0984202940992698,False
0.9956484275393007,0.004351572460699232,False
0.36743607296638714,0.6325639270336129,True
0.8980219770146897,0.10197802298531038,False
0.18184725062861273,0.8181527493713873,True
0.9990388543666561,0.0009611456333439421,False
0.9731552117918244,0.02684478820817559,False
0.9645302926525824,0.03546970734741757,False
0.9058215850552696,0.09417841494473043,False
0.9982384230870758,0.0017615769129242374,False
0.9729528976697451,0.027047102330254882,False
0.6074875484767395,0.3925124515232606,True
0.9929075277337376,0.007092472266262455,False
0.9937502186489816,0.00624978135101844,False
0.9443944761036566,0.05560552389634339,False
0.7761228510691294,0.2238771489308706,True
0.9953808518427627,0.004619148157237285,False
0.1633497838018897,0.8366502161981103,True
0.9956267108799832,0.004373289120016779,False
0.9874350267456858,0.012564973254314176,False
0.9974105743381001,0.0025894256618998993,False
0.9940918173397536,0.005908182660246347,False
0.16768775095362953,0.8323122490463705,True
0.012107179780885269,0.9878928202191147,True
0.9918491782284495,0.008150821771550486,False
0.9545302122215715,0.04546978777842846,False
0.9971719736942914,0.002828026305708588,False
0.03208551654518654,0.9679144834548135,True
0.8518786947833992,0.14812130521660077,False
0.9452099862608211,0.054790013739178946,False
0.9910015376495909,0.00899846235040908,False
0.9971635476963564,0.0028364523036436004,False
0.8766581344103296,0.12334186558967043,False
0.9936302724324271,0.006369727567572881,False
0.9241557638864001,0.07584423611359992,False
0.506462855456193,0.493537144543807,True
0.417053029257924,0.582946970742076,True
0.326772072363268,0.673227927636732,False
0.9973397778163573,0.0026602221836426877,False
0.6653204796204024,0.3346795203795976,False
0.6518465683961416,0.3481534316038584,False
0.7172378154224499,0.28276218457755015,False
0.9959609879286905,0.00403901207130948,False
0.9865074403145003,0.013492559685499676,False
0.99510754319919,0.004892456800810019,False
0.47002741430250394,0.5299725856974961,False
0.965224884777072,0.03477511522292797,False
0.9645017419676842,0.035498258032315815,False
0.9909224394237099,0.009077560576290052,False
0.9916150128496957,0.008384987150304328,False
0.9903493360141311,0.009650663985868856,False
0.9589225879802196,0.04107741201978045,False
0.9901491541849745,0.009850845815025521,False
0.6451724660363188,0.35482753396368116,False
0.9421732498790526,0.057826750120947366,False
0.9933680219518178,0.006631978048182158,False
0.31216532926737717,0.6878346707326228,True
0.9905982134036165,0.00940178659638345,False
0.9906423141675335,0.009357685832466546,False
0.9860300973725236,0.013969902627476471,False
0.04252515413403224,0.9574748458659678,True
0.8503307992237039,0.14966920077629614,False
0.5802885101401181,0.419711489859882,True
0.9961173579201139,0.003882642079886133,False
0.9449967941801872,0.05500320581981276,False
0.9741011009868856,0.025898899013114422,False
0.9807636372155693,0.019236362784430736,False
0.9987084654146745,0.0012915345853255103,False
0.6910938147482124,0.30890618525178754,False
0.9869580276764602,0.013041972323539744,False
0.8496940573397763,0.15030594266022368,False
0.9825751627090658,0.017424837290934192,True
0.7133632618104913,0.2866367381895087,False
0.6338710682976421,0.3661289317023579,False
0.9899925437043812,0.010007456295618847,False
0.9981028271928444,0.0018971728071556135,False
0.9281014974200611,0.07189850257993892,False
0.9973165260597839,0.0026834739402160344,False
0.9516425636807752,0.048357436319224824,False
0.9335498251298879,0.06645017487011205,False
0.33254798837366384,0.6674520116263362,True
0.9927247509903507,0.007275249009649274,False
0.9892256869574308,0.010774313042569148,False
0.7813152015786784,0.21868479842132155,True
0.9858578649377615,0.014142135062238454,False
0.9888259320714761,0.011174067928523946,False
0.9050375085626606,0.0949624914373394,False
0.07798403612386251,0.9220159638761375,True
0.03153536279096891,0.9684646372090311,True
0.9366257902971377,0.06337420970286234,False
0.24596020275069552,0.7540397972493045,True
0.9685199211709529,0.03148007882904716,False
0.05815380048405816,0.9418461995159418,True
0.2126295896202064,0.7873704103797936,True
0.9884221906248701,0.011577809375129875,False
0.8401395489384706,0.1598604510615293,False
0.9797393689237658,0.020260631076234242,False
0.9938395732877903,0.006160426712209745,False
0.8682840347355995,0.13171596526440052,False
0.4067421616068517,0.5932578383931483,True
0.9558190788193974,0.04418092118060252,False
0.8883960704073125,0.11160392959268749,False
0.9885434097179191,0.011456590282080913,False
0.9954854960730033,0.004514503926996756,False
0.9895620423965241,0.010437957603475823,False
0.9746660721260814,0.025333927873918596,False
0.9900897607433875,0.009910239256612505,False
0.4252444646178607,0.5747555353821393,True
0.9567259963109325,0.04327400368906752,False
0.9982997959652398,0.0017002040347602403,False
0.8237193918680554,0.1762806081319446,False
0.9927380432672711,0.007261956732728906,False
0.9453017284504235,0.05469827154957649,False
0.990435282123738,0.00956471787626202,False
0.9943743487754115,0.005625651224588441,False
0.829765054622318,0.17023494537768202,False
0.9967525754064265,0.003247424593573508,False
0.9820319935319614,0.017968006468038672,False
0.44170951287239046,0.5582904871276095,False
0.6169071655543471,0.3830928344456529,False
0.19472088936168797,0.805279110638312,True
0.9661688391482532,0.03383116085174671,False
0.9615649779230694,0.03843502207693057,False
0.9977296323463956,0.002270367653604442,False
0.8020988778691645,0.1979011221308355,False
0.9655143221631329,0.03448567783686702,False
0.9979384729581756,0.0020615270418244095,False
0.9868523057622193,0.013147694237780711,False
0.6645551246925543,0.3354448753074457,False
0.9936213753161848,0.00637862468381525,False
0.9574027111655268,0.04259728883447328,False
0.7825997694277456,0.2174002305722544,False
0.6733307614956956,0.3266692385043044,False
0.9432318669584336,0.0567681330415664,False
0.9948139994447301,0.005186000555269829,False
0.905353520858701,0.09464647914129898,False
0.3246304764296104,0.6753695235703896,False
0.9672525777976054,0.032747422202394565,False
0.9460189393323922,0.05398106066760779,False
0.6237164447245243,0.3762835552754757,False
0.5059242630261446,0.49407573697385543,False
0.9902009972181197,0.009799002781880336,False
0.9525389510782482,0.04746104892175186,False
0.9957998158276943,0.004200184172305748,False
0.985929045351441,0.014070954648559009,False
0.9865068833640472,0.01349311663595272,False
0.9838493677672147,0.0161506322327854,False
0.3904985286264395,0.6095014713735605,True
0.9871425346142157,0.012857465385784249,False
0.8562312896305497,0.14376871036945024,False
0.9921521260929712,0.00784787390702879,False
0.061675813527980905,0.9383241864720191,True
0.983368582415103,0.016631417584896988,False
0.9538876849920386,0.046112315007961376,False
0.8658801726983245,0.13411982730167546,False
0.8919135951387318,0.10808640486126814,False
0.04252836405062321,0.9574716359493768,True
0.9935291655323555,0.006470834467644466,False
0.9666640867609382,0.033335913239061786,False
0.9985157551100869,0.00148424488991309,False
0.3267938066404692,0.6732061933595308,True
0.07551950500863092,0.9244804949913691,True
0.856869881737671,0.14313011826232905,False
0.9398866865752107,0.060113313424789316,False
0.9783028220559328,0.021697177944067225,False
0.1357697910627581,0.8642302089372419,True
0.9533525347224467,0.04664746527755329,False
0.9962853033684417,0.003714696631558364,False
0.33830350605631776,0.6616964939436822,False
0.9895849091304891,0.010415090869510861,False
0.8945585340788349,0.10544146592116509,False
0.4771603360933909,0.5228396639066091,True
0.9949241410491897,0.005075858950810357,False
0.9346063175247245,0.06539368247527558,False
0.8315858873312746,0.16841411266872539,False
0.9947515766086086,0.005248423391391416,False
0.21892759212412227,0.7810724078758777,True
0.9848715061835608,0.01512849381643919,False
0.9884699565147781,0.011530043485221943,False
0.9370556929830924,0.06294430701690762,False
0.9873506918969364,0.012649308103063667,False
0.9939384309138933,0.006061569086106706,False
0.9163226339687225,0.08367736603127746,False
0.9378297856086832,0.062170214391316724,False
0.751830162788854,0.24816983721114605,False
0.9808077572182526,0.019192242781747356,False
0.7341135781682457,0.2658864218317543,True
0.7528104499400665,0.24718955005993345,False
0.6055630295906567,0.3944369704093434,True
0.997044033165099,0.002955966834900912,False
0.10032979285982868,0.8996702071401713,True
0.3447807225854894,0.6552192774145106,True
0.994449501793749,0.005550498206250952,False
0.9075058566567932,0.09249414334320684,False
0.9884652362996791,0.011534763700320912,False
0.7762214328611541,0.22377856713884597,False
0.9835807230360509,0.016419276963949014,False
0.9949870577503932,0.005012942249606776,False
0.5537909565144763,0.44620904348552376,False
0.9885332216131181,0.011466778386881963,False
0.9359226034450479,0.06407739655495213,False
0.9488323952326656,0.051167604767334354,False
0.9798601960835123,0.02013980391648768,False
0.9857552780371943,0.014244721962805663,False
0.9659353893904523,0.03406461060954769,False
0.954092941966864,0.04590705803313603,False
0.9977777041515108,0.0022222958484892424,False
0.9786426587880545,0.021357341211945578,False
0.9926380273217806,0.007361972678219415,False
0.9937786046559294,0.0062213953440705995,False
0.9634658455265726,0.03653415447342744,False
0.9968827858507104,0.003117214149289523,False
0.9871516683601466,0.012848331639853387,False
0.9710703287865037,0.028929671213496346,False
0.6996740892064017,0.3003259107935983,False
0.9983729048643226,0.0016270951356773947,False
0.9336292022000282,0.06637079779997183,False
0.9964393083402657,0.003560691659734258,False
0.847286965870303,0.1527130341296969,True
0.9656279199732168,0.03437208002678318,False
0.9022831001734908,0.09771689982650916,False
0.9918734571406836,0.00812654285931638,False
0.48878283348523777,0.5112171665147622,False
0.9762478846957414,0.023752115304258525,False
0.9944605918781972,0.00553940812180279,False
0.7840313582409951,0.21596864175900488,False
0.9745911560060458,0.02540884399395418,False
0.7853381712139527,0.2146618287860473,False
0.004289978188526278,0.9957100218114737,True
0.08534049098416441,0.9146595090158356,True
0.9618526305461061,0.03814736945389382,False
0.7862187349053519,0.21378126509464815,False
0.9979152585804367,0.002084741419563248,False
0.0233703540642074,0.9766296459357926,True
0.9466863710682395,0.053313628931760455,False
0.7843190588572027,0.2156809411427973,False
0.9963214663052016,0.00367853369479837,False
0.053444060609651456,0.9465559393903485,True
0.45137143824191583,0.5486285617580842,False
0.3576636709109444,0.6423363290890556,True
0.50186957510355,0.49813042489644993,True
0.9928289880207881,0.007171011979211871,True
0.9514364890478023,0.048563510952197714,False
0.8974006042656277,0.10259939573437231,False
0.9850200516222887,0.014979948377711367,False
0.774694575984999,0.22530542401500095,False
0.9193221039859831,0.08067789601401691,False
0.997981650976011,0.002018349023989052,False
0.9950771298020413,0.004922870197958618,False
0.9845794266533456,0.015420573346654406,False
0.9776044675194586,0.02239553248054134,False
0.9514922717485264,0.04850772825147368,False
0.998644436701341,0.001355563298659101,False
0.9776027376578427,0.0223972623421573,False
0.9695321329444062,0.03046786705559377,False
0.9979011488043843,0.0020988511956157464,False
0.9961032114591237,0.0038967885408762435,False
0.9952364994836886,0.0047635005163113855,False
0.9915120877434092,0.00848791225659083,False
0.939675224528361,0.060324775471638954,False
0.9437363428411621,0.05626365715883789,False
0.9981165270372085,0.001883472962791459,False
0.4262218577924126,0.5737781422075874,False
0.9606946983265647,0.03930530167343525,False
0.9762787542197073,0.023721245780292707,False
0.9966371395351272,0.003362860464872764,False
0.9896322027532246,0.010367797246775381,False
0.999337466122883,0.0006625338771170654,False
0.9628784266253609,0.037121573374639026,False
0.8770091652846648,0.12299083471533526,False
0.9869404918062692,0.013059508193730838,False
0.9962870951800402,0.0037129048199598357,False
0.9693747290637296,0.030625270936270408,False
0.9920372756691923,0.007962724330807665,False
0.6565869088825893,0.3434130911174107,False
0.9710572103133361,0.028942789686663847,False
0.8287603929534941,0.17123960704650593,False
0.9608968935593991,0.03910310644060091,False
0.9877397787572016,0.012260221242798314,False
0.960980044687496,0.03901995531250406,False
0.9122263116075037,0.08777368839249636,False
0.997930576659342,0.0020694233406579454,False
0.9925798486108696,0.007420151389130446,False
0.9808246295762864,0.019175370423713593,False
0.996377407984303,0.0036225920156970114,False
0.9016657119235958,0.09833428807640421,False
0.984171816487162,0.015828183512838045,False
0.9958740102703154,0.004125989729684564,False
0.976020762170964,0.023979237829036024,False
0.7783634382332906,0.2216365617667094,False
0.9795197830417728,0.02048021695822719,False
0.9964039406158651,0.0035960593841349226,False
0.13809441266376277,0.8619055873362372,True
0.9894394012271996,0.01056059877280036,False
0.9975176355230531,0.0024823644769469124,False
0.9882173057820185,0.011782694217981527,False
0.9877739521318055,0.012226047868194442,False
0.9870438297646833,0.012956170235316679,False
0.9875294982190737,0.01247050178092631,False
0.9920182004888517,0.007981799511148307,False
0.9748833052062453,0.02511669479375471,False
0.9734854435352062,0.026514556464793806,False
0.7863124405431916,0.2136875594568084,False
0.6150348398132641,0.3849651601867358,True
0.7422488244681101,0.25775117553188986,False
0.9955559952252162,0.004444004774783842,False
0.8123408778994258,0.1876591221005742,False
0.9937444372788456,0.006255562721154318,False
0.9928312309822981,0.007168769017701863,False
0.9843338494109934,0.015666150589006597,False
0.9944426814529187,0.005557318547081318,False
0.4386891284918669,0.5613108715081331,False
0.987200135013937,0.012799864986062962,False
0.7825784340029258,0.21742156599707424,False
0.8847368860684937,0.11526311393150634,False
0.9274085722861691,0.07259142771383091,False
0.7226083429897137,0.27739165701028634,False
0.9984247995783567,0.0015752004216432894,False
0.9980357715311818,0.0019642284688182058,False
0.06643138875284738,0.9335686112471526,True
0.7307955186690267,0.2692044813309733,False
0.9014281044397253,0.09857189556027465,False
0.9933138778066226,0.006686122193377333,False
0.17900752597978087,0.8209924740202191,True
0.859826039968163,0.14017396003183707,False
0.7852327360436346,0.2147672639563654,True
0.9987744826972029,0.0012255173027970806,False
0.9729602551331213,0.027039744866878622,False
0.9664402036528528,0.033559796347147175,False
0.9738021981932246,0.026197801806775403,False
0.9653544603224753,0.03464553967752466,True
0.9797973380236475,0.0202026619763525,False
0.980319022404072,0.01968097759592805,False
0.78879253930747,0.21120746069253,True
0.9954341784226968,0.004565821577303273,False
0.9955670730851598,0.0044329269148401925,False
0.614140603329401,0.38585939667059904,True
0.8706349434606544,0.1293650565393456,True
0.9816607016407817,0.01833929835921837,False
0.5501601150699995,0.44983988493000054,True
0.9958419524917504,0.004158047508249578,False
0.20563781532050285,0.7943621846794972,True
0.971075743873872,0.02892425612612809,False
0.8186406603033319,0.1813593396966681,False
0.861583996215022,0.13841600378497795,False
0.9945290479963245,0.005470952003675509,False
0.9972511590018307,0.002748840998169324,False
0.9578222315819781,0.0421777684180219,False
0.9738966206282548,0.026103379371745256,False
0.9959509081851448,0.004049091814855275,False
0.24686889155406233,0.7531311084459377,True
0.971082043659378,0.028917956340621984,False
0.9348844056864617,0.06511559431353833,False
0.8090023292517495,0.19099767074825044,False
0.9751746105260142,0.024825389473985833,False
0.9540912199027768,0.04590878009722321,False
0.8927799252775688,0.10722007472243117,False
0.996296849011868,0.0037031509881320533,False
0.9954766958129069,0.0045233041870930924,False
0.908383058560617,0.09161694143938308,False
0.9813135789155202,0.01868642108447977,False
0.9990427382431448,0.0009572617568551638,False
0.9815216033829265,0.01847839661707352,False
0.9465237604298924,0.05347623957010765,False
0.6440314088849663,0.3559685911150337,False
0.739923803427617,0.260076196572383,False
0.6592962021397315,0.34070379786026855,False
0.9952282035681774,0.004771796431822626,False
0.9892767486231098,0.010723251376890251,False
0.9788600054209835,0.02113999457901654,False
0.9872771172140333,0.012722882785966663,False
0.2850342480061163,0.7149657519938837,True
0.9916633599707837,0.008336640029216295,False
0.950641490182944,0.049358509817056063,True
0.8284475459230456,0.1715524540769544,False
0.9965236854857963,0.0034763145142037684,False
0.643090602812888,0.35690939718711207,True
0.562147267962567,0.43785273203743297,False
0.9917145766783368,0.0082854233216631,False
0.01828878723105576,0.9817112127689442,True
0.6618822820294901,0.33811771797051,False
0.9671174855006344,0.03288251449936566,False
0.9928276596676774,0.007172340332322663,False
0.4618217365379641,0.5381782634620359,True
0.5707701680507056,0.4292298319492945,True
0.7802472329458887,0.2197527670541113,False
0.5769455483665598,0.4230544516334402,False
0.9907011229166315,0.009298877083368517,False
0.5322467539160476,0.46775324608395247,False
0.9942334923956517,0.0057665076043482534,False
0.9111098908981782,0.08889010910182182,True
0.7462714757243796,0.25372852427562037,False
0.9416446676073427,0.05835533239265736,False
0.9470219110838308,0.052978088916169154,True
0.4951755765887229,0.5048244234112771,True
0.9854446165407142,0.014555383459285741,False
0.6958336913389753,0.30416630866102473,False
0.9853979931293596,0.01460200687064044,False
0.975384921036059,0.024615078963940985,False
0.9732550959827607,0.0267449040172393,False
0.3196740852992168,0.6803259147007832,False
0.30242293201659587,0.6975770679834041,True
0.5198879517354409,0.4801120482645591,False
0.906073164767852,0.09392683523214795,False
0.9479991937145186,0.05200080628548146,False
0.009366680598114074,0.9906333194018859,True
0.9963943453738007,0.003605654626199384,False
0.9563346801469678,0.04366531985303226,False
0.41561105245564145,0.5843889475443586,True
0.9942601606545225,0.0057398393454775485,False
0.9818464099236996,0.01815359007630038,False
0.9505790491652544,0.04942095083474563,False
0.9900459582597174,0.009954041740282565,False
0.5822241579661134,0.41777584203388657,True
0.8678611908087361,0.13213880919126383,False
0.8747345550071847,0.12526544499281536,False
0.932908508728714,0.06709149127128602,False
0.8295430083950422,0.17045699160495772,False
0.9888317767382184,0.011168223261781518,False
0.9969345350103178,0.0030654649896821604,False
0.942047588276914,0.057952411723085934,False
0.9843827658038844,0.015617234196115569,False
0.9969462625941229,0.0030537374058770984,False
0.8715788837402779,0.12842111625972205,False
0.9628301726681642,0.03716982733183584,False
0.986674775235452,0.013325224764548027,False
0.9778227282589499,0.022177271741050157,False
0.9070463741124384,0.0929536258875616,False
0.9948281597556748,0.005171840244325152,False
0.803068607996773,0.1969313920032269,False
0.46767568725188746,0.5323243127481125,True
0.96270419074049,0.03729580925951002,False
0.49663033059121586,0.5033696694087841,False
0.692819277317948,0.307180722682052,False
0.0368894952431722,0.9631105047568278,True
0.9885772833463374,0.011422716653662592,False
0.9767182864924896,0.023281713507510366,False
0.2622755205199665,0.7377244794800335,False
0.6064868039820821,0.3935131960179179,True
0.9930733708118242,0.006926629188175805,False
0.797959262629846,0.20204073737015407,False
0.9924681794584109,0.007531820541589039,False
0.9978359319704377,0.0021640680295622744,False
0.9983920967496359,0.0016079032503641096,False
0.9901951710452183,0.009804828954781755,False
0.9812099510822787,0.018790048917721246,False
0.47345494290476353,0.5265450570952365,True
0.5307867039093819,0.4692132960906182,True
0.6288832264342161,0.3711167735657839,True
0.02702042435671459,0.9729795756432854,True
0.14157087970397264,0.8584291202960274,True
0.9838397198693384,0.0161602801306616,False
0.7364109331282074,0.2635890668717926,False
0.9871308046184538,0.012869195381546187,False
0.8824525214017857,0.11754747859821436,True
0.992884127437402,0.007115872562598025,False
0.8281282414443463,0.1718717585556537,False
0.9812143707196818,0.018785629280318194,False
0.983416166366419,0.01658383363358099,False
0.9654579408383247,0.03454205916167528,False
0.9992416895813072,0.0007583104186928295,False
0.586527951699664,0.41347204830033596,False
0.997090059724606,0.0029099402753940454,False
0.9935036206129169,0.006496379387083166,False
0.09736908976325631,0.9026309102367437,True
0.9238992961332595,0.07610070386674048,False
0.23380245796356391,0.7661975420364361,True
0.8974116481633156,0.10258835183668438,False
0.9890484780049856,0.010951521995014325,False
0.2813610165761333,0.7186389834238667,False
0.9964140085352333,0.0035859914647667266,False
0.08356043739314378,0.9164395626068562,True
0.518680811391617,0.4813191886083829,True
0.9474853991235869,0.052514600876413096,False
0.9811019099707142,0.018898090029285778,False
0.977348864382363,0.02265113561763701,False
0.99760508908761,0.002394910912389945,False
0.9637923780692996,0.03620762193070032,False
0.990657981935064,0.009342018064935904,False
0.9187725673736017,0.08122743262639832,False
0.6568105049778027,0.3431894950221973,False
0.9973840817987445,0.0026159182012555323,False
0.990487229349376,0.009512770650623907,False
0.9664314321536397,0.03356856784636027,False
0.9987605364211671,0.0012394635788329125,False
0.5383969041983296,0.46160309580167036,False
0.9915805364586663,0.008419463541333681,False
0.9061435547700778,0.09385644522992223,False
0.5314720647067224,0.4685279352932777,True
0.2328000097227173,0.7671999902772827,True
0.9488209566892184,0.051179043310781575,False
0.8667462737874497,0.13325372621255027,False
0.10225730970526292,0.8977426902947371,True
0.8458979774196417,0.15410202258035832,False
0.8695325617517382,0.13046743824826174,False
0.8678453823051667,0.13215461769483325,False
0.5223054300556682,0.47769456994433185,True
0.9936690530955278,0.006330946904472218,False
0.8451554802078703,0.15484451979212963,False
0.9974651062419682,0.0025348937580318637,False
0.9942032133650033,0.005796786634996728,False
0.986701362499549,0.013298637500451047,False
0.2215062147287412,0.7784937852712588,True
0.9959765504578315,0.004023449542168475,False
0.27333198598663566,0.7266680140133643,False
0.8609107643118432,0.13908923568815681,False
0.9902402048898598,0.00975979511014028,False
0.8902370474582124,0.10976295254178757,False
0.9387682402178033,0.0612317597821968,False
0.7887321925720835,0.2112678074279165,True
0.36001985631352096,0.639980143686479,True
0.9731133799686882,0.026886620031311807,False
0.9873836660433141,0.012616333956685977,False
0.8009476759830114,0.19905232401698864,True
0.9563840162632986,0.04361598373670145,False
0.8462424283654568,0.15375757163454323,False
0.5680919383966576,0.4319080616033424,False
0.9909696268964645,0.009030373103535454,False
0.9830959537284207,0.016904046271579237,False
0.9972654114660712,0.0027345885339288794,False
0.38076513822770697,0.619234861772293,True
0.9893028934375877,0.010697106562412297,False
0.9122979223128035,0.0877020776871965,False
0.995731797518001,0.0042682024819990436,False
0.9125785447755634,0.0874214552244365,False
0.9808191688104,0.019180831189600067,False
0.4678726863201028,0.5321273136798972,True
0.9248141990011832,0.07518580099881682,True
0.9571471584551848,0.042852841544815216,False
0.972928073044334,0.027071926955665963,False
0.9704799973504316,0.029520002649568482,False
0.9556862357688507,0.04431376423114931,False
0.976364734041568,0.02363526595843199,False
0.6874768089170435,0.3125231910829564,False
0.8833317194284698,0.11666828057153018,False
0.9793414829561768,0.020658517043823207,False
0.9555821916043981,0.04441780839560191,False
0.9092835029245573,0.09071649707544276,False
0.16627773523750355,0.8337222647624964,False
0.9810703909301046,0.018929609069895385,False
0.6617908135761764,0.3382091864238236,False
0.08671216241505475,0.9132878375849453,True
0.8550797586634595,0.1449202413365404,False
0.9371495356859626,0.06285046431403742,False
0.9954822257213991,0.0045177742786009336,False
0.4420334264755983,0.5579665735244017,True
0.9579958086815046,0.04200419131849546,False
0.9588862464943311,0.041113753505668885,False
0.9924728739580446,0.007527126041955338,False
0.827848295064273,0.17215170493572693,False
0.9931748201115036,0.006825179888496424,False
0.9922235229126272,0.0077764770873727995,False
0.017757218990370416,0.9822427810096296,True
0.845871541823698,0.154128458176302,False
0.8991172174634093,0.10088278253659066,False
0.9916082228128346,0.008391777187165432,False
0.9906290687395878,0.009370931260412201,False
0.991034624162402,0.008965375837598053,False
0.9682379983760653,0.031762001623934714,False
0.9900378796072614,0.009962120392738624,False
0.816522054886168,0.18347794511383192,False
0.9721455745852966,0.02785442541470337,False
0.9942177844399666,0.005782215560033396,False
0.2880332679067086,0.7119667320932914,False
0.9743825504598962,0.025617449540103823,False
0.9795526179064592,0.020447382093540797,False
0.24859182718835837,0.7514081728116416,True
0.8130221157017783,0.18697788429822165,False
0.9637530433863668,0.03624695661363321,False
0.9974912409541857,0.002508759045814263,False
0.8217552325470175,0.17824476745298243,False
0.9858925474023389,0.014107452597661147,False
0.9884242286700313,0.011575771329968634,False
0.6452358734656248,0.35476412653437517,False
0.9774082679126317,0.022591732087368258,False
0.9448845293723285,0.055115470627671546,False
0.9381302141189446,0.06186978588105541,False
0.6609923425143991,0.33900765748560086,False
0.8461266480905469,0.15387335190945312,False
0.942863806849685,0.057136193150315026,False
0.40337903589692836,0.5966209641030716,True
0.653146297751569,0.3468537022484311,False
0.7822373278461533,0.2177626721538467,False
0.7723310611456475,0.2276689388543525,False
0.9610500598345967,0.038949940165403346,False
0.6784724292877822,0.3215275707122179,False
0.6006592038957925,0.3993407961042075,False
0.7316802835092641,0.26831971649073594,True
0.8948447434889455,0.10515525651105445,False
0.9973355333747786,0.0026644666252213485,False
0.9837716723611758,0.016228327638824203,False
0.8684558621909625,0.1315441378090375,True
0.854939554169561,0.14506044583043892,False
0.9967371622045844,0.0032628377954155366,False
0.9455988970083984,0.054401102991601565,False
0.9729993801744464,0.02700061982555358,False
0.9929274348198113,0.007072565180188714,False
0.8275997121115946,0.1724002878884054,False
0.906778799760773,0.09322120023922693,False
0.9932651373884023,0.006734862611597734,False
0.9441203926543956,0.05587960734560434,True
0.9902806515495209,0.009719348450479025,False
0.9860781922734428,0.013921807726557158,False
0.943060789316379,0.056939210683620976,False
0.9875244466720592,0.012475553327940835,False
0.9871329868284924,0.012867013171507596,False
0.9898440630084157,0.010155936991584347,False
0.970820367010823,0.029179632989176977,False
0.976508940182525,0.02349105981747502,False
0.9971892603539689,0.002810739646031021,False
0.9628090590019832,0.0371909409980168,False
0.13924056265306672,0.8607594373469333,True
0.9377562611421338,0.06224373885786619,False
0.9704406591506177,0.029559340849382304,False
0.9982766132827545,0.0017233867172454609,False
0.5204102040561172,0.47958979594388285,False
0.8063850862878875,0.19361491371211248,False
0.9867318151382616,0.013268184861738388,False
0.9967752940468664,0.003224705953133644,False
0.9489289773605156,0.051071022639484404,False
0.9895031553149299,0.010496844685070008,False
0.9533671912718255,0.046632808728174546,False
0.5386880730768224,0.46131192692317763,True
0.7037291939942454,0.29627080600575456,False
0.9686221506002215,0.03137784939977847,False
0.9969308185360162,0.0030691814639838195,False
0.9691550964039791,0.030844903596020903,False
0.8260414363637565,0.17395856363624354,True
0.9414910756184234,0.05850892438157658,False
0.9446887705944781,0.055311229405521904,False
0.9750831879616948,0.024916812038305168,False
0.9886802650909121,0.011319734909087924,False
0.953743237666816,0.04625676233318395,False
0.8430926212035462,0.15690737879645378,False
0.9367083250584483,0.06329167494155179,False
0.9472189714059489,0.05278102859405113,False
0.9889287005170285,0.01107129948297143,False
0.9276011236606729,0.07239887633932712,False
0.9953185651225781,0.004681434877421901,False
0.9902601773393888,0.009739822660611222,False
0.9776944786523433,0.022305521347656773,False
0.9838561624547356,0.016143837545264425,False
0.41907497057008913,0.5809250294299109,False
0.7099407551757948,0.29005924482420525,False
0.9321671997748939,0.06783280022510613,False
0.6486639585432279,0.35133604145677205,False
0.9621487495583428,0.037851250441657144,False
0.9952167186910751,0.00478328130892494,False
0.9879554391207278,0.012044560879272212,False
0.9584706046912035,0.04152939530879648,False
0.9697808631533854,0.030219136846614567,False
0.9887586015392195,0.011241398460780554,False
0.6690428326387692,0.33095716736123076,True
0.9963644366408853,0.0036355633591147463,False
0.9920733421838441,0.007926657816155905,False
0.9820543107839532,0.017945689216046806,False
0.9897382184919407,0.010261781508059379,False
0.4452421039584765,0.5547578960415235,True
0.5976162876866425,0.40238371231335746,True
0.8128588136807806,0.1871411863192194,False
0.9968056225313741,0.003194377468625926,False
0.9910518013159517,0.008948198684048269,False
0.9909085885330983,0.00909141146690174,False
0.5454153480295709,0.45458465197042913,True
0.5693545130851221,0.4306454869148779,False
0.9096782062351457,0.09032179376485432,False
0.9930585686386618,0.006941431361338208,False
0.9762222832530121,0.023777716746987896,False
0.9827705961289331,0.017229403871066837,False
0.8150187513202326,0.18498124867976742,False
0.6084307032814078,0.39156929671859214,False
0.9982438953674686,0.0017561046325313846,False
0.8600220311695217,0.13997796883047833,False
0.6761022228364244,0.32389777716357554,True
0.8397486014236151,0.16025139857638487,False
0.6254046309399056,0.3745953690600944,True
0.6395483425195829,0.36045165748041713,True
0.5618675949345617,0.4381324050654382,False
0.9328979354008284,0.06710206459917151,False
0.9626268358551449,0.03737316414485515,False
0.9929048505135852,0.007095149486414799,False
0.9903745818131015,0.009625418186898512,False
0.24658890201869998,0.7534110979813,True
0.9902205390555515,0.009779460944448497,False
0.8893176798449789,0.1106823201550211,False
0.9789311804302429,0.02106881956975712,False
0.9882093431308093,0.01179065686919065,False
0.887293271850923,0.11270672814907703,False
0.9890554644507447,0.01094453554925529,False
0.8123992943169842,0.18760070568301573,True
0.9437759412189355,0.056224058781064505,False
0.9934533887186824,0.006546611281317602,False
0.9429518876958312,0.057048112304168855,False
0.9654708379891075,0.03452916201089247,False
0.6848877725104918,0.3151122274895082,False
0.9922136946921961,0.00778630530780387,False
0.8867353385722172,0.11326466142778284,False
0.9954825926568407,0.004517407343159333,False
0.9437429983080867,0.056257001691913236,False
0.9950833095373166,0.004916690462683376,False
0.24685694787772106,0.7531430521222789,True
0.6639920544222692,0.33600794557773084,True
0.9943277491637154,0.0056722508362845895,False
0.9988774299290859,0.001122570070914118,False
0.9227942569981282,0.07720574300187182,False
0.9963820859531506,0.0036179140468494556,False
0.9645945431768168,0.03540545682318315,False
0.761279322805205,0.2387206771947949,False
0.9719774869336558,0.028022513066344196,False
0.9650548575891872,0.03494514241081278,False
0.9372510561434186,0.06274894385658139,False
0.9954149638216279,0.0045850361783721484,False
0.9979763329687971,0.002023667031202991,False
0.8649594499422613,0.1350405500577387,False
0.9956037980239777,0.00439620197602235,False
0.9601177829148454,0.0398822170851546,False
0.9961124694082034,0.0038875305917965355,False
0.9969574849974169,0.003042515002583159,False
0.9820754977010023,0.017924502298997676,False
0.7249486012552167,0.2750513987447833,False
0.9972607637937076,0.0027392362062923256,False
0.965932897654815,0.03406710234518495,False
0.9283428359202968,0.07165716407970318,False
0.9931447790065562,0.006855220993443785,False
0.8840516176963245,0.11594838230367549,True
0.9954473978748626,0.004552602125137363,False
0.9874675070950117,0.012532492904988278,False
0.6865925746969965,0.31340742530300353,False
0.9112581690997035,0.08874183090029655,False
0.9843652959532428,0.015634704046757115,False
0.9959785409219313,0.004021459078068754,False
0.9820447842954165,0.017955215704583433,False
0.9968816361359081,0.0031183638640919537,False
0.9955545254579385,0.004445474542061458,False
0.7795393688894436,0.22046063111055633,True
0.9587952304963451,0.041204769503654926,False
0.9146777561923065,0.08532224380769354,False
0.9962416610536978,0.0037583389463022297,False
0.99519442902853,0.004805570971470052,False
0.9805095971507997,0.0194904028492003,False
0.9537317441081861,0.046268255891813985,False
0.9841830736128911,0.015816926387108826,False
0.9383212111914301,0.061678788808569945,False
0.988822219899373,0.011177780100626948,False
0.9979985417458903,0.00200145825410973,False
0.9611158506384457,0.03888414936155425,False
0.9888824167757361,0.01111758322426393,False
0.9123299159304517,0.08767008406954832,False
0.9220905651495296,0.07790943485047043,False
0.88525132220734,0.11474867779265994,False
0.9968634869399899,0.0031365130600100413,False
0.97766533110149,0.02233466889851,False
0.9732662087010583,0.026733791298941677,False
0.7994424968419447,0.20055750315805534,False
0.9962232801905961,0.003776719809403916,False
0.9970817210305839,0.0029182789694160763,False
0.9968722707613877,0.003127729238612267,False
0.9768772282060539,0.02312277179394602,False
0.9917251045466002,0.008274895453399793,False
0.9534987628735472,0.046501237126452856,False
0.6815439718865217,0.31845602811347834,False
0.7530175177631565,0.2469824822368435,True
0.48632771203745984,0.5136722879625402,False
0.9846803251362067,0.015319674863793254,False
0.9549708305290586,0.045029169470941356,False
0.9890239828919667,0.010976017108033347,False
0.8827494669951695,0.11725053300483046,False
0.9989469945104904,0.001053005489509619,False
0.9844991418854028,0.015500858114597204,False
0.2174885388899772,0.7825114611100228,True
0.996144769784968,0.0038552302150319634,False
0.1999630670675857,0.8000369329324143,True
0.9986465972396943,0.0013534027603057065,False
0.9987450056953984,0.0012549943046016422,False
0.9796026359032557,0.020397364096744267,False
0.9477407216379949,0.052259278362005106,False
0.9612023881770396,0.038797611822960376,False
0.9408411594233509,0.05915884057664914,False
0.9992902251977698,0.0007097748022302502,False
0.9976052614495924,0.00239473855040761,False
0.6206952689126478,0.3793047310873522,False
0.5991472811381795,0.40085271886182056,False
0.6519335481745162,0.3480664518254838,True
0.9957584561397536,0.0042415438602464075,False
0.9953641660295554,0.004635833970444642,False
0.9408631353026045,0.0591368646973955,False
0.9862710298168101,0.013728970183189852,False
0.9909665988371601,0.00903340116283994,False
0.019709716451307813,0.9802902835486922,True
0.0818762373150812,0.9181237626849188,True
0.22921697716865885,0.7707830228313411,True
0.12350153743080794,0.8764984625691921,True
0.9934036861754314,0.006596313824568561,False
0.7849425345843684,0.21505746541563167,True
0.9857136302438414,0.014286369756158586,False
0.9984014115508079,0.0015985884491920939,False
0.9579056696339504,0.042094330366049613,False
0.9902830081278622,0.009716991872137764,False
0.1294597286781971,0.8705402713218029,True
0.8666958795030516,0.1333041204969484,False
0.9614630738027587,0.038536926197241216,False
0.9889870600934352,0.011012939906564798,False
0.8225303388693165,0.17746966113068355,False
0.87965017048692,0.12034982951308001,False
0.8690394050997008,0.13096059490029924,False
0.9944116292181896,0.005588370781810395,False
0.993640557363766,0.00635944263623396,False
0.9342954204688212,0.06570457953117884,False
0.7006051373134439,0.2993948626865562,False
0.41881549945223406,0.5811845005477659,True
0.9932374231512408,0.006762576848759292,False
0.9366023293578539,0.0633976706421461,False
0.9425015341574214,0.05749846584257855,False
0.3381930068465412,0.6618069931534588,False
0.968595934958173,0.03140406504182702,False
0.9189041700410764,0.08109582995892366,False
0.9763768972834338,0.023623102716566247,False
0.9984629523744617,0.001537047625538256,False
0.9432160893766124,0.0567839106233876,False
0.9148740685650145,0.08512593143498548,False
0.9848526308605802,0.015147369139419815,False
0.998561929404635,0.0014380705953651034,False
0.983444829545173,0.016555170454827066,False
0.887535209848713,0.11246479015128699,False
0.9817283359348293,0.018271664065170667,False
0.9698259606912026,0.030174039308797317,False
0.9786694497723015,0.021330550227698437,False
0.9713708779506495,0.028629122049350537,False
0.9930426272411704,0.006957372758829526,False
0.9944291748927853,0.005570825107214739,False
0.9765411882879901,0.023458811712009926,False
0.9965858947685811,0.0034141052314189215,False
0.8001139758679469,0.19988602413205317,True
0.9905602711369883,0.009439728863011735,False
0.33744733468881294,0.6625526653111871,True
0.966362045575561,0.033637954424439,False
0.9975513754528096,0.0024486245471904574,False
0.963417748583165,0.036582251416835077,False
0.9987908450402059,0.001209154959794098,False
0.9968476214477376,0.0031523785522623734,False
0.3102933499966243,0.6897066500033757,True
0.9845472075681535,0.015452792431846463,False
0.9921262260109226,0.007873773989077425,False
0.9898640140199618,0.010135985980038177,False
0.6812825418031114,0.31871745819688857,False
0.9944019173205311,0.005598082679468979,False
0.9490134587750216,0.05098654122497841,False
0.5485651739723608,0.4514348260276392,True
0.9283753039841707,0.07162469601582933,False
0.9347100063179543,0.06528999368204572,False
0.9256882502593257,0.07431174974067432,False
0.6491409936258088,0.35085900637419126,False
0.7652740625256037,0.23472593747439632,True
0.907001319657333,0.09299868034266702,False
0.9969151842925351,0.003084815707464889,False
0.490816125811231,0.509183874188769,False
0.7519071581359293,0.24809284186407068,False
0.9559677343635726,0.044032265636427335,False
0.995579655231585,0.004420344768414971,False
0.9947024464392902,0.005297553560709776,False
0.9248076788411148,0.07519232115888523,False
0.8755826377601142,0.12441736223988571,False
0.8282111714325323,0.17178882856746766,False
0.9973654936431566,0.002634506356843367,False
0.9157858049812696,0.0842141950187304,True
0.8737353814728662,0.1262646185271338,True
0.8997073096258712,0.10029269037412884,False
0.646150817687033,0.3538491823129671,False
0.9872616261592432,0.012738373840756866,False
0.9525191884391219,0.04748081156087811,False
0.3402566198833109,0.6597433801166891,True
0.8856419567793852,0.11435804322061478,False
0.9718059089084893,0.028194091091510755,False
0.9745891328266251,0.02541086717337492,False
0.9969150368840648,0.003084963115935159,False
0.8955835536707423,0.10441644632925771,False
0.8702075002684695,0.1297924997315305,False
0.9961256685045029,0.003874331495497103,False
0.9606924717931448,0.039307528206855194,False
0.9054590279168818,0.0945409720831182,False
0.9935911117923953,0.006408888207604626,False
0.42191337267875473,0.5780866273212453,True
0.8649609487977772,0.13503905120222284,False
0.907351408983796,0.09264859101620401,False
0.637521776923037,0.36247822307696304,False
0.9870536228629132,0.012946377137086844,False
0.931906391756504,0.06809360824349601,False
0.27259324817974373,0.7274067518202563,False
0.9265781354644406,0.07342186453555942,False
0.9927084985442278,0.007291501455772225,False
0.9083189315883362,0.09168106841166375,False
0.7797232252548045,0.22027677474519544,False
0.98938758128859,0.010612418711410021,False
0.9940385283181526,0.005961471681847337,False
0.9620708041328969,0.037929195867103055,False
0.9915480571875359,0.008451942812464133,False
0.05394731602965985,0.9460526839703401,True
0.9941644335376244,0.005835566462375649,False
0.9687399631914023,0.031260036808597645,False
0.9921409417369151,0.007859058263084837,False
0.932466982291783,0.06753301770821699,False
0.5488908314909173,0.4511091685090826,True
0.9442979020723623,0.05570209792763774,False
0.9936009477036822,0.006399052296317746,False
0.9823161253572553,0.01768387464274465,False
0.18177025751188225,0.8182297424881178,False
0.8944568179781633,0.10554318202183671,False
0.6037443205073407,0.39625567949265933,True
0.904031280045053,0.09596871995494705,False
0.9914681132087687,0.008531886791231258,False
0.9913438894688439,0.008656110531156166,False
0.6458710789825979,0.35412892101740207,False
0.5150751303601661,0.48492486963983394,False
0.9727073757525547,0.027292624247445326,False
0.9713177065560862,0.028682293443913837,True
0.9207439243105661,0.07925607568943396,True
0.9765260032549629,0.0234739967450371,False
0.3036593076046018,0.6963406923953982,True
0.4726037673339547,0.5273962326660453,True
0.9818805797948256,0.018119420205174416,False
0.8532059441162172,0.14679405588378286,False
0.986258397394195,0.013741602605805064,False
0.9869909597081089,0.013009040291891094,False
0.7273943857155158,0.2726056142844842,True
0.9846491011993355,0.015350898800664568,False
0.01740491398749555,0.9825950860125044,True
0.9379429915204953,0.06205700847950471,False
0.9905190915436076,0.009480908456392411,False
0.9398831751819768,0.06011682481802312,False
0.9925650020795226,0.007434997920477415,False
0.9950067489686067,0.004993251031393201,False
0.851578223607824,0.14842177639217602,False
0.9800753398290859,0.01992466017091414,False
0.8082276421816885,0.19177235781831153,False
0.06705434289664602,0.932945657103354,True
0.9894268516323732,0.010573148367626845,False
0.023505578009331396,0.9764944219906686,True
0.9844431718455332,0.015556828154466826,False
0.9963771097826363,0.0036228902173637756,False
0.9770720537471403,0.022927946252859616,False
0.993247453688118,0.006752546311882056,False
0.9927135607010947,0.007286439298905218,False
0.997829209202215,0.0021707907977850335,False
0.5298468311213985,0.4701531688786015,True
0.30363750082720764,0.6963624991727924,True
0.9953655236046957,0.004634476395304328,False
0.5060218411189694,0.49397815888103064,True
0.9920274959322682,0.007972504067731766,False
0.9795225502343123,0.020477449765687647,False
0.9902391202570276,0.009760879742972333,False
0.9942376603125876,0.005762339687412382,False
0.6277929764465716,0.3722070235534284,False
0.9919123822402783,0.008087617759721624,False
0.9954376530858704,0.0045623469141296185,False
0.9021694249506453,0.09783057504935469,False
0.9723282867885386,0.027671713211461467,False
0.7481720188483287,0.2518279811516713,False
0.9728736919818618,0.027126308018138184,False
0.7076859636835559,0.29231403631644415,False
0.9397336390449688,0.06026636095503125,False
0.15446436392119312,0.8455356360788069,False
0.9254545064897403,0.07454549351025977,False
0.9957715706968827,0.004228429303117333,False
0.4497205195989068,0.5502794804010932,True
0.9951207518979723,0.004879248102027636,False
0.9821663205962047,0.01783367940379531,False
0.8651117020318011,0.13488829796819884,False
0.7316452877382422,0.26835471226175783,True
0.9964329367950311,0.0035670632049688727,False
0.3452723646629492,0.6547276353370508,True
0.9320531020855449,0.06794689791445509,True
0.9775411467298152,0.0224588532701848,False
0.8711020752093196,0.12889792479068043,False
0.9757125721373942,0.024287427862605872,False
0.9642046083507151,0.035795391649284934,False
0.6021153565130114,0.3978846434869886,True
0.9596825593162552,0.04031744068374479,False
0.775911389781219,0.224088610218781,True
0.5108371949679764,0.48916280503202364,True
0.9687896574510205,0.031210342548979465,False
0.995730791964402,0.004269208035598071,False
0.514274991806158,0.48572500819384196,True
0.963507783033461,0.03649221696653905,False
0.574018162677131,0.42598183732286893,False
0.9264226377708227,0.07357736222917728,False
0.9946229957711556,0.005377004228844323,False
0.9795125274061856,0.0204874725938145,False
0.9776653133215969,0.022334686678403114,False
0.9023418115532487,0.09765818844675135,False
0.9871793257208233,0.012820674279176606,False
0.9851141444274193,0.014885855572580693,False
0.8653553791243737,0.13464462087562634,False
0.6066844702558626,0.3933155297441374,False
0.9935355340460484,0.006464465953951565,False
0.9976274645416195,0.002372535458380469,False
0.6053939823842573,0.3946060176157426,True
0.9756137839920137,0.024386216007986242,False
0.9991918251749211,0.000808174825078867,False
0.9691362356815063,0.030863764318493664,False
0.982772869314316,0.017227130685684,False
0.8963290327926686,0.10367096720733139,False
0.8102433089720813,0.18975669102791876,False
0.9001078325902759,0.09989216740972405,False
0.9926470534876302,0.007352946512369876,False
0.7789317557706559,0.22106824422934412,False
0.8158539900333006,0.18414600996669933,False
0.9980003450498336,0.001999654950166434,False
0.9875913541821966,0.012408645817803408,False
0.9742775161445146,0.025722483855485354,True
0.8164181587169392,0.1835818412830607,False
0.9880872458433247,0.011912754156675264,False
0.970717948181149,0.02928205181885102,False
0.9953433780437267,0.004656621956273293,False
0.9596816333827136,0.040318366617286334,False
0.9750063234561666,0.02499367654383339,False
0.535728660510964,0.464271339489036,True
0.9955504822469069,0.004449517753093074,False
0.9431838790459365,0.05681612095406348,False
0.9792699553052795,0.02073004469472046,False
0.9969732687798991,0.0030267312201008585,False
0.9949412079035976,0.005058792096402399,False
0.9959381858178836,0.004061814182116406,False
0.5292771547792272,0.4707228452207728,True
0.571666028155756,0.4283339718442441,False
0.9956039156858802,0.004396084314119792,False
0.9943578493822975,0.0056421506177025,False
0.9752251059746141,0.02477489402538588,False
0.5946280776379629,0.4053719223620371,False
0.7679378679730275,0.23206213202697246,False
0.9198943631179566,0.08010563688204347,False
0.9843744416836907,0.01562555831630928,False
0.9340985707232784,0.06590142927672162,False
0.9943328303130582,0.005667169686941804,False
0.9943266662054172,0.005673333794582811,False
0.02177738103490212,0.9782226189650979,True
0.9895684301769189,0.010431569823081082,False
0.9344103370752077,0.06558966292479226,False
0.9591830165415356,0.040816983458464455,False
0.9980398985173298,0.001960101482670223,False
0.9487217760653854,0.05127822393461456,False
0.9922040690778458,0.007795930922154206,False
0.031823991427578524,0.9681760085724215,True
0.9835090300633821,0.016490969936617913,False
0.9359445845330544,0.06405541546694558,False
0.9781380539941675,0.02186194600583246,False
0.9444406867613682,0.05555931323863184,False
0.28436276619972756,0.7156372338002724,True
0.9879363492474709,0.012063650752529102,False
0.9257810351839267,0.0742189648160733,False
0.6805574339919545,0.3194425660080456,True
0.9772366525633542,0.022763347436645712,False
0.8427643397134983,0.15723566028650166,False
0.8611229352704389,0.13887706472956104,False
0.9714582036106926,0.028541796389307404,False
0.30867660495678695,0.691323395043213,True
0.9844515033502155,0.015548496649784518,False
0.3325528801688289,0.6674471198311711,True
0.45186960677074284,0.5481303932292572,True
0.9966967450693363,0.003303254930663716,False
0.8170473116603691,0.18295268833963085,False
0.9623200553675241,0.03767994463247589,False
0.9964209771235358,0.0035790228764641997,False
0.9706483090810558,0.029351690918944153,False
0.9131762956062505,0.0868237043937495,False
0.9969042515228199,0.0030957484771800456,False
0.9895676403903859,0.010432359609614063,False
0.9963105610866244,0.0036894389133755984,False
0.8404741182988416,0.1595258817011584,False
0.3684396254871193,0.6315603745128807,False
0.04806423678249916,0.9519357632175008,True
0.9444658628261017,0.05553413717389835,False
0.5332061586034642,0.46679384139653585,False
0.9678900895083224,0.032109910491677524,False
0.9836471886943352,0.01635281130566483,False
0.939788657586336,0.06021134241366395,False
0.9496559981060352,0.050344001893964804,False
0.24428778124245454,0.7557122187575455,True
0.9269037783799108,0.07309622162008919,False
0.9926339681815772,0.007366031818422761,False
0.9757278345790201,0.024272165420979923,False
0.9608760077413934,0.03912399225860659,False
0.9935182479896931,0.006481752010306825,False
0.9550095175107192,0.04499048248928087,False
0.9546090724375192,0.04539092756248074,False
0.9751647900443333,0.02483520995566667,False
0.4935738622653695,0.5064261377346305,False
0.9471974269390521,0.052802573060947926,False
0.9953185804572225,0.004681419542777445,False
0.9326712095292548,0.06732879047074522,False
0.43049558455326886,0.5695044154467311,True
0.6475803389212579,0.3524196610787421,False
0.3623176110326676,0.6376823889673324,True
0.5015133594108535,0.4984866405891465,False
0.3684437184696574,0.6315562815303426,True
0.9912988058415728,0.00870119415842713,False
0.9851580710160428,0.014841928983957163,False
0.13030047528911026,0.8696995247108897,True
0.9406351977670899,0.05936480223291005,False
0.05932919478121346,0.9406708052187865,True
0.6972509107828516,0.3027490892171484,True
0.9839122147925843,0.016087785207415665,False
0.9842649047066855,0.015735095293314513,False
0.09333340743303631,0.9066665925669637,True
0.9983848415251377,0.001615158474862253,False
0.9832149049791545,0.016785095020845495,False
0.9680807498109109,0.031919250189089164,False
0.9966071623622561,0.00339283763774394,False
0.9956959558691888,0.004304044130811198,False
0.9965467917544204,0.003453208245579578,False
0.9133129429232228,0.08668705707677718,False
0.9931858982920974,0.006814101707902626,False
0.17971188802927363,0.8202881119707264,True
0.35575001384197846,0.6442499861580215,True
0.9937305163110309,0.00626948368896903,False
0.8142927966405661,0.18570720335943391,False
0.9960750594869693,0.003924940513030695,False
0.9815614365525207,0.018438563447479305,False
0.9057819426798714,0.09421805732012854,False
0.9800787436017107,0.019921256398289303,False
0.9929420789158389,0.007057921084161143,False
0.9440507750515472,0.055949224948452836,False
0.959283394558491,0.04071660544150897,False
0.9812752364772844,0.018724763522715588,False
0.7035527181692411,0.29644728183075886,False
0.9980914151437852,0.0019085848562147845,False
0.8132335100411725,0.18676648995882747,False
0.038673214265157685,0.9613267857348423,True
0.6801178161769481,0.31988218382305184,False
0.9982143623691032,0.0017856376308967603,False
0.9977209757969849,0.0022790242030150476,False
0.9100637357405826,0.08993626425941738,False
0.9610988918971745,0.03890110810282558,False
0.9904772021176796,0.0095227978823204,False
0.08005875166943499,0.919941248330565,True
0.622556944521417,0.37744305547858303,False
0.9912947956880543,0.00870520431194561,False
0.5749911183965422,0.42500888160345784,True
0.6768545734339037,0.32314542656609635,True
0.971725950088693,0.028274049911307043,False
0.9943751155011571,0.005624884498842928,False
0.9289370338751859,0.07106296612481415,False
0.9740310108421233,0.025968989157876717,False
0.9142934595395193,0.08570654046048065,False
0.7489382240440907,0.25106177595590934,False
0.9867029335116613,0.013297066488338748,False
0.9936804170276171,0.006319582972382931,False
0.968152878786179,0.03184712121382102,False
0.9522393886250187,0.04776061137498133,False
0.9734336967739285,0.026566303226071498,False
0.7697449144146974,0.23025508558530264,True
0.8340654045445155,0.16593459545548445,False
0.9649490164261547,0.03505098357384523,False
0.7457017686668159,0.25429823133318413,False
0.9751839547305685,0.024816045269431534,False
0.9941326276154112,0.005867372384588843,False
0.8993554018377011,0.10064459816229887,False
0.9067541604838132,0.09324583951618684,False
0.6761476002669808,0.3238523997330191,False
0.8512124846084517,0.14878751539154828,False
0.9946350628133362,0.005364937186663791,False
0.9271402177010947,0.07285978229890532,False
0.9860671537406743,0.01393284625932562,False
0.9943585742179796,0.005641425782020373,False
0.997326053208391,0.00267394679160903,False
0.9922744225582749,0.007725577441725033,False
0.5834211904873525,0.4165788095126475,True
0.864017955601306,0.13598204439869402,False
0.7984341442722397,0.20156585572776034,False
0.9821261823022943,0.017873817697705643,False
0.9604507078521944,0.03954929214780556,False
0.029793823342341708,0.9702061766576583,True
0.7702821429463055,0.22971785705369452,True
0.9986208924715952,0.001379107528404788,False
0.7491541154958029,0.2508458845041971,False
0.09846716872716021,0.9015328312728398,True
0.9684211768206665,0.03157882317933348,False
0.9633817838006293,0.03661821619937063,False
0.9567946356549991,0.04320536434500087,False
0.9891080164018328,0.01089198359816718,False
0.45708999316441223,0.5429100068355878,False
0.9158564142915819,0.08414358570841808,False
0.8524071182353112,0.14759288176468874,True
0.9023959078133202,0.09760409218667973,False
0.6972256350146142,0.30277436498538574,False
0.8914980299855614,0.1085019700144386,False
0.9962152386357029,0.003784761364297111,False
0.8496826651849287,0.1503173348150713,False
0.04412860472321356,0.9558713952767864,True
0.9367631049779841,0.06323689502201589,False
0.9082465547862079,0.09175344521379215,False
0.8560002714118189,0.14399972858818105,False
0.9693121717956592,0.0306878282043408,False
0.6401558170315587,0.3598441829684413,False
0.6432290968112848,0.3567709031887152,True
0.9971689819665497,0.002831018033450305,False
0.986468611908202,0.013531388091797936,False
0.09321662670441178,0.9067833732955882,True
0.9255633358150601,0.07443666418493991,False
0.9931214621245247,0.006878537875475355,False
0.9629894049381531,0.037010595061846854,False
0.988913116270131,0.01108688372986898,False
0.4172131860340029,0.5827868139659971,True
0.7873249509486222,0.21267504905137785,False
0.5545802592284188,0.44541974077158125,False
0.9975398071026954,0.0024601928973045826,False
0.9826814576390556,0.017318542360944388,False
0.4766411405747545,0.5233588594252455,False
0.9850929422237645,0.014907057776235456,False
0.8853597445798149,0.11464025542018505,False
0.995210530671419,0.004789469328581037,False
0.9905106815164099,0.009489318483590166,False
0.9522134135523888,0.04778658644761121,False
0.9739582896472169,0.026041710352783118,False
0.9370356767884129,0.06296432321158711,False
0.012710454821900807,0.9872895451780992,True
0.7296055118312763,0.27039448816872363,True
0.6808377265965109,0.31916227340348907,False
0.9362384424082477,0.06376155759175227,False
0.9874835676468648,0.012516432353135142,False
0.9956279935852206,0.004372006414779468,False
0.9986463834036712,0.0013536165963287693,False
0.9578308865440168,0.042169113455983134,False
0.799734351394348,0.200265648605652,True
0.9902961751049222,0.009703824895077795,False
0.3025182814802916,0.6974817185197084,True
0.9826847741183535,0.017315225881646485,False
0.9976499391229522,0.002350060877047847,False
0.981655211252354,0.01834478874764596,False
0.888803491600799,0.11119650839920107,False
0.8339624980621159,0.1660375019378841,False
0.49031724518295006,0.5096827548170499,True
0.6766715728945061,0.32332842710549387,False
0.32090511487685947,0.6790948851231405,True
0.833432436763599,0.16656756323640096,False
0.996177462206035,0.0038225377939649905,False
0.1945683837669243,0.8054316162330757,False
0.9950234298405155,0.004976570159484487,False
0.9491408431605941,0.050859156839405915,False
0.86265795812828,0.13734204187172006,False
0.9839271996517919,0.016072800348208082,False
0.9200265143582976,0.07997348564170235,False
0.9821024768392123,0.017897523160787767,False
0.9614878905723006,0.038512109427699434,False
0.9835634980602385,0.01643650193976158,False
0.9805480420553221,0.019451957944677935,False
0.9950751239250426,0.00492487607495736,False
0.9259677472973109,0.07403225270268911,False
0.6383934584584035,0.36160654154159655,False
0.9257148709757695,0.07428512902423048,False
0.12089819130592461,0.8791018086940754,True
0.45568842393124276,0.5443115760687572,False
0.9898322370787046,0.010167762921295386,False
0.9631884164248579,0.036811583575142186,False
0.47546224371759305,0.524537756282407,True
0.9954410321823602,0.004558967817639801,False
0.8638656638686817,0.1361343361313183,False
0.7854371127399462,0.21456288726005382,False
0.974396381325916,0.02560361867408399,False
0.886038088961889,0.11396191103811104,False
0.1653422644316509,0.8346577355683491,True
0.9823732879733704,0.017626712026629607,False
0.5922424048329074,0.40775759516709265,False
0.9781967146963887,0.02180328530361136,False
0.9942874429528085,0.00571255704719152,False
0.9082269696173557,0.09177303038264427,False
0.6026308556497466,0.39736914435025344,False
0.785327010715888,0.21467298928411202,True
0.9789614235471138,0.02103857645288616,False
0.9831218391322248,0.0168781608677752,False
0.6464694800561093,0.3535305199438908,False
0.9821694262118242,0.01783057378817571,False
0.9954500428038007,0.004549957196199291,False
0.7121723599881753,0.28782764001182465,True
0.9662222808563999,0.03377771914360007,False
0.9696809731718175,0.03031902682818256,False
0.9860422609533294,0.01395773904667062,False
0.8706349510980257,0.1293650489019743,False
0.9706754053088829,0.029324594691117183,False
0.781562836818158,0.2184371631818421,False
0.9897150084972984,0.01028499150270155,False
0.8098986353095334,0.19010136469046662,False
0.9674882742366475,0.03251172576335243,False
0.5543581983373427,0.4456418016626574,False
0.9984547855169477,0.001545214483052312,False
0.03213248104388944,0.9678675189561106,True
0.9249397450504997,0.0750602549495003,False
0.9906408637535992,0.009359136246400838,False
0.22394599465890497,0.776054005341095,True
0.9961476810865324,0.003852318913467558,False
0.9690709624824184,0.030929037517581626,False
0.8705450403533939,0.1294549596466062,False
0.9921774781932037,0.007822521806796361,False
0.9898101879077994,0.01018981209220065,False
0.9953694806103416,0.0046305193896583685,False
0.30857707940819223,0.6914229205918078,False
0.4103158703720484,0.5896841296279516,True
0.9905329822346389,0.009467017765361074,False
0.9877470509407174,0.012252949059282604,False
0.9568642529657099,0.043135747034290114,False
0.935688735196019,0.06431126480398093,False
0.9507989681417471,0.049201031858252836,False
0.9966667203661228,0.0033332796338772126,False
0.9451613409810591,0.054838659018940916,False
0.9728314322374629,0.027168567762537076,False
0.9607545151798949,0.03924548482010517,False
0.9897309067996345,0.010269093200365531,False
0.6136734556002059,0.38632654439979414,True
0.6106006935675709,0.38939930643242915,False
0.9284949616126401,0.07150503838735985,False
0.7084313224692955,0.29156867753070453,False
0.9989109442581016,0.0010890557418984225,False
0.48859537082636373,0.5114046291736363,True
0.9652566522688191,0.03474334773118098,False
0.9760848650949927,0.023915134905007268,False
0.9863212461302129,0.01367875386978715,False
0.9497653097433691,0.050234690256630854,False
0.9396565467548281,0.0603434532451719,False
0.9755196506100112,0.0244803493899888,False
0.99824637449357,0.0017536255064299973,False
0.986313542585161,0.013686457414838944,False
0.9957880324714202,0.004211967528579758,False
0.06400244795435384,0.9359975520456462,True
0.8394118594095299,0.16058814059047008,True
0.9934148535977787,0.006585146402221247,False
0.9907676241113237,0.0092323758886763,False
0.989293303779339,0.01070669622066105,False
0.020687602142422046,0.979312397857578,True
0.9852132813051402,0.014786718694859816,False
0.8352090745731025,0.1647909254268976,False
0.9901035423225653,0.009896457677434788,False
0.7613920554216974,0.23860794457830256,False
0.8853736546056126,0.11462634539438743,False
0.9918577356838191,0.008142264316180895,False
0.874531835619946,0.12546816438005406,False
0.9729744755278914,0.027025524472108597,False
0.9783136499310732,0.02168635006892679,True
0.9886952791636374,0.011304720836362534,False
0.9696275329897356,0.0303724670102644,False
0.7841657763091618,0.21583422369083818,False
0.9876036478552654,0.012396352144734552,False
0.8971338384469241,0.10286616155307592,False
0.2901210267192661,0.7098789732807339,True
0.8661349008267847,0.13386509917321535,False
0.5136831754145688,0.4863168245854313,True
0.8349948627784143,0.1650051372215857,False
0.865101139971415,0.13489886002858495,False
0.8178025709416443,0.1821974290583557,False
0.9943773014785152,0.0056226985214847805,False
0.9589992170496062,0.04100078295039381,False
0.983973122089438,0.016026877910562023,False
0.9756804568883815,0.024319543111618495,False
0.8396094160830296,0.16039058391697042,False
0.8179240590287494,0.1820759409712506,False
0.9979718339948056,0.0020281660051943598,False
0.9203609095339226,0.07963909046607745,False
0.8884861603088439,0.11151383969115616,False
0.9909411334566138,0.00905886654338613,False
0.9487835052261003,0.051216494773899675,False
0.638052405553934,0.361947594446066,False
0.7085908393579139,0.29140916064208616,False
0.957458503385012,0.04254149661498793,False
0.9982661594077537,0.0017338405922463316,False
0.9637716241435752,0.03622837585642483,False
0.6346216348650138,0.36537836513498617,False
0.8601491554896779,0.13985084451032212,False
0.9860469273709611,0.013953072629038901,False
0.9830763200221678,0.016923679977832208,False
0.8747280573457659,0.12527194265423408,False
0.8840695522548323,0.11593044774516773,False
0.9891357324333183,0.010864267566681674,True
0.991634668253746,0.008365331746254017,False
0.9975313555496756,0.0024686444503243896,False
0.9844617339624218,0.015538266037578262,False
0.9969960203618696,0.003003979638130422,False
0.9627040727453855,0.03729592725461453,False
0.9577779639128421,0.042222036087157966,False
0.5551125146097635,0.4448874853902365,True
0.7328569097791076,0.26714309022089244,False
0.9578008028504004,0.04219919714959965,False
0.9718819378726691,0.028118062127330905,False
0.36961502630264687,0.6303849736973531,True
0.9894132989912484,0.010586701008751557,False
0.6850009483896914,0.3149990516103086,True
0.9946775071502039,0.005322492849796128,False
0.30110535623142365,0.6988946437685764,True
0.9888165679955941,0.011183432004405847,False
0.8513208141647081,0.14867918583529194,False
0.9806561202153372,0.01934387978466277,False
0.9884256541993337,0.011574345800666321,False
0.9559641993976816,0.044035800602318396,False
0.9823218663337221,0.017678133666277858,False
0.9951461715914347,0.004853828408565259,False
0.9571632021907738,0.04283679780922627,False
0.8966206531823068,0.10337934681769324,False
0.92668306138887,0.07331693861113002,False
0.9917682264607132,0.008231773539286872,False
0.8728467840041866,0.12715321599581345,False
0.9983318548336857,0.0016681451663143393,False
0.2772986135511274,0.7227013864488726,True
0.9938482154440648,0.006151784555935266,False
0.9954180011641872,0.004581998835812763,False
0.8475619766649589,0.1524380233350411,False
0.9060685270371158,0.09393147296288419,False
0.9965930826333961,0.0034069173666039223,False
0.9324754243739313,0.06752457562606867,False
0.09768259963487003,0.90231740036513,True
0.9166573258340786,0.08334267416592143,False
0.9937825498793418,0.006217450120658223,False
0.936570843247171,0.06342915675282904,False
0.9980177951441963,0.001982204855803712,False
0.6354789511206927,0.36452104887930725,False
0.8779993972883016,0.12200060271169844,True
0.7317060549949036,0.2682939450050964,False
0.9907359672289167,0.009264032771083335,False
0.9958322778170429,0.0041677221829571395,False
0.8986811186917338,0.10131888130826613,False
0.8900758401344188,0.10992415986558127,False
0.9942081851955539,0.005791814804446117,False
0.9966596388619372,0.003340361138062838,False
0.020957097985147777,0.9790429020148522,True
0.8246023620262747,0.17539763797372532,False
0.9919992411145625,0.008000758885437543,False
0.6809311595024392,0.31906884049756074,True
0.9398106080128641,0.06018939198713595,False
0.27415683873925767,0.7258431612607423,True
0.4423758616174288,0.5576241383825712,True
0.9817498644080239,0.018250135591976094,False
0.9875465091817237,0.012453490818276274,False
0.9953861529676379,0.004613847032362071,False
0.9180766984790409,0.08192330152095907,False
0.9964717575653103,0.0035282424346896953,False
0.7010382831811203,0.29896171681887973,False
0.9824707965740457,0.01752920342595432,False
0.9627278662286973,0.03727213377130265,False
0.9965960472403221,0.003403952759677848,False
0.8296908179704964,0.1703091820295036,False
0.9960066335149718,0.003993366485028243,False
0.8609886273480704,0.13901137265192964,False
0.9939563796545857,0.006043620345414287,False
0.8524127820157329,0.1475872179842671,False
0.9960401421905246,0.003959857809475407,False
0.9855493791306783,0.01445062086932166,False
0.9274478712611522,0.07255212873884771,False
0.054088685015060034,0.94591131498494,True
0.9974094387796677,0.0025905612203322988,False
0.018908706491033822,0.9810912935089662,True
0.6196063314121534,0.3803936685878467,False
0.5089189461578072,0.49108105384219275,False
0.9595324980114631,0.04046750198853684,False
0.9825298984561793,0.01747010154382068,False
0.10808216079737465,0.8919178392026254,True
0.6803159234113545,0.3196840765886455,False
0.9821423281027053,0.01785767189729474,False
0.940759818761644,0.05924018123835598,False
0.9840713570837932,0.015928642916206763,False
0.9987155078163967,0.0012844921836032252,False
0.9920858025186722,0.007914197481327804,False
0.9210381318855265,0.07896186811447342,False
0.9949047216442594,0.005095278355740675,False
0.9912479494574907,0.008752050542509266,False
0.28310644846166155,0.7168935515383384,True
0.7492392646145337,0.2507607353854663,True
0.9943698154223379,0.00563018457766203,False
0.9793731600056276,0.020626839994372478,False
0.958378437130066,0.04162156286993398,False
0.07082365212574349,0.9291763478742565,True
0.9948549550673019,0.00514504493269811,False
0.9906725155159607,0.009327484484039295,False
0.8545125024274953,0.14548749757250465,False
0.9812901792419507,0.018709820758049257,False
0.9009229919751984,0.09907700802480156,False
0.9400827088364094,0.05991729116359062,False
0.9189429309604852,0.08105706903951483,False
0.9900235871159153,0.009976412884084665,False
0.991683549652686,0.008316450347313957,False
0.7924536727091134,0.20754632729088662,False
0.980202883523005,0.019797116476994975,False
0.9629635093084505,0.037036490691549497,False
0.9705568129645685,0.02944318703543144,False
0.997737212007087,0.0022627879929130366,False
0.9977717583664508,0.0022282416335491517,False
0.8864207039261807,0.11357929607381938,False
0.995092555443848,0.004907444556151998,False
0.9942657935390772,0.005734206460922841,False
0.6297099747991761,0.3702900252008239,False
0.9956831177171523,0.004316882282847646,False
0.9925547613761876,0.007445238623812462,False
0.7402332159253577,0.2597667840746423,True
0.9937863249233507,0.006213675076649254,False
0.9537763423633865,0.0462236576366135,False
0.9976741759846806,0.002325824015319447,False
0.8805087558740664,0.11949124412593363,False
0.9737285993654323,0.026271400634567624,False
0.9988882098384207,0.0011117901615792462,False
0.7136479600517596,0.2863520399482405,True
0.9784929068348555,0.02150709316514459,False
0.9864790464914905,0.01352095350850941,False
0.505086207356986,0.49491379264301405,True
0.9933274120936618,0.006672587906338194,False
0.8377262470054088,0.16227375299459118,False
0.8899938129221011,0.11000618707789891,False
0.9968690968444974,0.003130903155502578,False
0.7513858840560169,0.24861411594398306,False
0.9978000812564398,0.0021999187435601895,False
0.9454794415099327,0.05452055849006729,False
0.10651156424243158,0.8934884357575684,True
0.5353314018789264,0.4646685981210737,False
0.9474499430929073,0.05255005690709264,False
0.9648755006104369,0.03512449938956308,False
0.9892298414463921,0.010770158553607898,False
0.9816551786611865,0.0183448213388135,False
0.9929034577340888,0.0070965422659112,False
0.9936372925049521,0.006362707495047864,False
0.47523170460578,0.52476829539422,False
0.9859424560663423,0.014057543933657653,True
0.8636020345944864,0.13639796540551358,False
0.34846913562348136,0.6515308643765186,True
0.7152481658464835,0.28475183415351646,False
0.9888632704629932,0.011136729537006824,False
0.9983428090110767,0.0016571909889232695,False
0.9873296123951661,0.012670387604833876,False
0.6359016822249028,0.36409831777509716,False
0.9893983349943044,0.010601665005695567,False
0.6140051758499392,0.38599482415006087,True
0.9961562955730366,0.003843704426963317,False
0.4358333543588707,0.5641666456411293,True
0.9267379892887169,0.07326201071128319,False
0.9527541639245534,0.047245836075446634,False
0.9975837172106687,0.002416282789331212,False
0.90177694600748,0.09822305399251996,False
0.9873760597366236,0.012623940263376461,False
0.12225730107488753,0.8777426989251125,True
0.9873675787697834,0.012632421230216621,False
0.9449290728904022,0.05507092710959784,False
0.8692653418845491,0.13073465811545099,False
0.9045799869925293,0.09542001300747073,False
0.9819524951475479,0.0180475048524521,False
0.8734184620119645,0.12658153798803548,True
0.7237578034929777,0.27624219650702236,False
0.9966660385616769,0.0033339614383230735,False
0.9907692845133713,0.009230715486628691,False
0.8170281147496281,0.18297188525037192,False
0.8687373258336912,0.1312626741663087,False
0.8674789374725672,0.1325210625274328,False
0.9132266390565166,0.08677336094348342,False
0.994594449120383,0.005405550879617009,False
0.9879497786957229,0.012050221304277166,False
0.7964338118993788,0.2035661881006212,False
0.9667444310721542,0.033255568927845765,False
0.9922625431785556,0.007737456821444472,True
0.9977663612463735,0.0022336387536265176,False
0.9941434499071482,0.005856550092851814,False
0.48214464266756096,0.517855357332439,True
0.8568190866298928,0.14318091337010724,True
0.380881859104227,0.619118140895773,True
0.27861567703751255,0.7213843229624874,False
0.2515897130142981,0.7484102869857019,True
0.9612254213361641,0.038774578663835914,False
0.9812240738343754,0.01877592616562464,False
0.9925953950872373,0.007404604912762756,False
