,mean_abs_shap
P_DEMO__RIDAGEYR_Age_in_years_at_screening,0.011253075497562949
P_DEMO__INDFMPIR_Ratio_of_family_income_to_poverty,0.00025544235706730073
P_BMX__BMXWT_Weight_kg,0.0020903070123780417
P_BMX__BMXHT_Standing_Height_cm,0.00017672085574808803
P_BMX__BMXBMI_Body_Mass_Index_kg_m_2,0.0015577911970329557
P_BMX__BMXLEG_Upper_Leg_Length_cm,0.0007800669116124196
P_BMX__BMXARML_Upper_Arm_Length_cm,0.00020104891599724082
P_BMX__BMXARMC_Arm_Circumference_cm,0.0008843906677962692
P_BMX__BMXWAIST_Waist_Circumference_cm,0.0036141324925724762
P_BMX__BMXHIP_Hip_Circumference_cm,0.0007391578446413727
P_LUX__LUXSMED_Median_stiffness_E_kilopascals_kPa,0.001302320198880695
P_LUX__LUXCAPM_Median_CAP_decibels_per_meter_dB_m,0.010763403586611169
P_ALB_CR__URXUMS_Albumin_urine_mg_L,0.0008862361994754654
P_ALB_CR__URXCRS_Creatinine_urine_umol_L,0.00020516898434719423
P_ALB_CR__URDACT_Albumin_creatinine_ratio_mg_g,0.0010598410174409237
P_BIOPRO__LBXSATSI_Alanine_Aminotransferase_ALT_U_L,0.0003105108581422697
P_BIOPRO__LBXSAL_Albumin_refrigerated_serum_g_dL,0.0005525671004020963
P_BIOPRO__LBXSAPSI_Alkaline_Phosphatase_ALP_IU_L,0.0005630433601155929
P_BIOPRO__LBXSC3SI_Bicarbonate_mmol_L,0.00018155285269804816
P_BIOPRO__LBDSBUSI_Blood_Urea_Nitrogen_mmol_L,0.0011473320424357553
P_BIOPRO__LBXSCLSI_Chloride_mmol_L,0.0015245025858309155
P_BIOPRO__LBXSCK_Creatine_Phosphokinase_CPK_IU_L,0.00018529326356762817
P_BIOPRO__LBDSCRSI_Creatinine_refrigerated_serum_umol_L,0.0004958263379790416
P_BIOPRO__LBDSGBSI_Globulin_g_L,0.00035000310942019485
P_BIOPRO__LBXSGTSI_Gamma_Glutamyl_Transferase_GGT_IU_L,0.000562181935613758
P_BIOPRO__LBDSIRSI_Iron_refrigerated_serum_umol_L,0.00023164386060319878
P_BIOPRO__LBXSLDSI_Lactate_Dehydrogenase_LDH_IU_L,0.00019299443480846591
P_BIOPRO__LBXSOSSI_Osmolality_mmol_Kg,0.0023624931096156306
P_BIOPRO__LBDSPHSI_Phosphorus_mmol_L,0.00017462494122971834
P_BIOPRO__LBXSNASI_Sodium_mmol_L,0.000426537074906791
P_BIOPRO__LBDSTBSI_Total_Bilirubin_umol_L,0.00014310200481588073
P_BIOPRO__LBDSCASI_Total_Calcium_mmol_L,0.00019365639698061118
P_BIOPRO__LBDSCHSI_Cholesterol_refrigerated_serum_mmol_L,0.0010458474203063873
P_BIOPRO__LBDSTPSI_Total_Protein_g_L,0.00017942021078371192
P_BIOPRO__LBDSTRSI_Triglycerides_refrig_serum_mmol_L,0.0011597884357525774
P_BIOPRO__LBDSUASI_Uric_acid_umol_L,0.00046193742453420796
P_CBC__LBXWBCSI_White_blood_cell_count_1000_cells_uL,0.00036128602696987403
P_CBC__LBXLYPCT_Lymphocyte_percent,0.00037773096074082224
P_CBC__LBXMOPCT_Monocyte_percent,0.00018957727592450868
P_CBC__LBXNEPCT_Segmented_neutrophils_percent,0.00036776974999728535
P_CBC__LBXEOPCT_Eosinophils_percent,0.0001834141932002414
P_CBC__LBXBAPCT_Basophils_percent,0.00016739954258218335
P_CBC__LBDLYMNO_Lymphocyte_number_1000_cells_uL,0.00018970894254732485
P_CBC__LBDMONO_Monocyte_number_1000_cells_uL,0.0003518272638644503
P_CBC__LBDNENO_Segmented_neutrophils_num_1000_cell_uL,0.0003629805635815056
P_CBC__LBDEONO_Eosinophils_number_1000_cells_uL,0.00013134564630932507
P_CBC__LBDBANO_Basophils_number_1000_cells_uL,0.0007843357485362012
P_CBC__LBXRBCSI_Red_blood_cell_count_million_cells_uL,0.00022062019258780054
P_CBC__LBXHGB_Hemoglobin_g_dL,0.00018725716781511543
P_CBC__LBXHCT_Hematocrit,0.00029480171214964825
P_CBC__LBXMCVSI_Mean_cell_volume_fL,0.00025835902935180977
P_CBC__LBXMC_Mean_Cell_Hgb_Conc_g_dL,0.0003303410028828916
P_CBC__LBXMCHSI_Mean_cell_hemoglobin_pg,0.00047118749858427686
P_CBC__LBXRDW_Red_cell_distribution_width,0.0004720435645105166
P_CBC__LBXPLTSI_Platelet_count_1000_cells_uL,0.0001874503088392861
P_CBC__LBXMPSI_Mean_platelet_volume_fL,0.0002735518949294692
P_CBC__LBXNRBC_Nucleated_red_blood_cells_100_WBC,0.00016426540057914776
P_COT__LBXCOT_Cotinine_Serum_ng_mL,0.00017232144620254203
P_COT__LBXHCOT_Hydroxycotinine_Serum_ng_mL,0.00012992861923822872
P_FASTQX__PHAFSTMN_Total_length_of_food_fast_minutes,0.00018054378764223813
P_FERTIN__LBDFERSI_Ferritin_ug_L,0.0005129106551483946
P_FETIB__LBDIRNSI_Iron_frozen_Serum_umol_L,0.0002011119246904988
P_FETIB__LBDUIBSI_UIBC_Serum_umol_L,0.00034295192664933965
P_FETIB__LBDTIBSI_Tot_Iron_Binding_Capacity_TIBC_umol_L,0.00022624634078238684
P_FETIB__LBDPCT_Transferrin_Saturation,0.00035611549186540117
P_HDL__LBDHDDSI_Direct_HDL_Cholesterol_mmol_L,0.0014948549682946076
P_HSCRP__LBXHSCRP_HS_C_Reactive_Protein_mg_L,0.0004305610711818316
P_IHGEM__LBDIHGSI_Mercury_inorganic_nmol_L,0.00010207090264801032
P_IHGEM__LBDBGESI_Mercury_ethyl_nmol_L,8.063249481750373e-05
P_IHGEM__LBDBGMSI_Mercury_methyl_nmol_L,0.00018556845319226816
P_PBCD__LBDBPBSI_Blood_lead_umol_L,0.00022935421357215765
P_PBCD__LBDBCDSI_Blood_cadmium_nmol_L,0.0001735513844515248
P_PBCD__LBDTHGSI_Blood_mercury_total_nmol_L,0.00017039982955820637
P_PBCD__LBDBSESI_Blood_selenium_umol_L,0.00019501598850160372
P_PBCD__LBDBMNSI_Blood_manganese_nmol_L,0.00017793796474369409
P_TCHOL__LBDTCSI_Total_Cholesterol_mmol_L,0.0013584700918810042
P_TST__LBD17HSI_17_hydroxyprogesterone_nmol_L,0.0002706478701246813
P_TST__LBDANDSI_Androstenedione_nmol_L,0.0006058021196303069
P_TST__LBDESTSI_Estradiol_pmol_L,0.00014951569311283874
P_TST__LBDESOSI_Estrone_pmol_L,0.00011343391987132093
P_TST__LBDES1SI_Estrone_Sulfate_pmol_L,0.0001588797662703031
P_TST__LBXFSH_Follicle_Stimulating_Hormone_mIU_mL,0.0011761778454568129
P_TST__LBXLUH_Luteinizing_Hormone_mIU_mL,0.0005154592052187257
P_TST__LBDPG4SI_Progesterone_nmol_L,0.00010270409439311892
P_TST__LBXSHBG_SHBG_nmol_L,0.00036149749865790166
P_DBQ__DBD895_of_meals_not_home_prepared,0.00014567353509035557
P_DBQ__DBD900_of_meals_from_fast_food_or_pizza_place,0.000228757179733888
P_DBQ__DBD905_of_ready_to_eat_foods_in_past_30_days,0.00013931797457274393
P_DBQ__DBD910_of_frozen_meals_pizza_in_past_30_days,0.00012891330164646603
P_INQ__INDFMMPI_Family_monthly_poverty_level_index,0.0002040934741005056
P_MCQ__MCQ160A,0.0011505062598548685
P_MCQ__MCQ160B,0.0008429006012878535
P_MCQ__MCQ160C,0.0006808973625765149
P_MCQ__MCQ160D,0.0002929913557048065
P_MCQ__MCQ160E,0.0010543057821211013
P_MCQ__MCQ160F,0.00032996165732200513
P_MCQ__MCQ160M,0.0003466681580239894
P_MCQ__MCQ160P,0.0004249471464782138
P_MCQ__MCQ160L,0.0003409993139807965
P_MCQ__MCQ300B,0.0001375067101884503
P_MCQ__MCQ300C,0.00257403743077806
P_MCQ__MCQ300A,0.0001620953390590158
P_MCQ__MCQ366A,0.006161859196609722
P_MCQ__MCQ366B,0.00674319262072957
P_MCQ__MCQ366C,0.004911024205799927
P_MCQ__MCQ366D,0.005331751488167842
P_MCQ__MCQ371A,0.0007578321181632174
P_MCQ__MCQ371B,0.0003224973217627065
P_MCQ__MCQ371C,0.003206356924752143
P_MCQ__MCQ371D,0.0019670133583455634
P_PAQ__PAD680_Minutes_sedentary_activity,0.00023620439462986018
P_WHQ__WHD010_Current_self_reported_height_inches,0.000150315489715557
P_WHQ__WHD020_Current_self_reported_weight_pounds,0.0017492713595006167
P_WHQ__WHD050_Self_reported_weight_1_yr_ago_pounds,0.0015507182132911863
P_WHQ__WHD120_Self_reported_weight_age_25_pounds,0.0002742260991861876
P_WHQ__WHD140_Self_reported_greatest_weight_pounds,0.002096832765559156
P_WHQ__WHQ150_Age_when_heaviest_weight,0.008026423798172672
BP_sys_median,0.0016964459364827167
BP_dia_median,0.0003011174417047751
Pulse_median,0.0008247944319785869
P_DEMO__RIAGENDR_Gender_2.0,0.0006258435027030297
P_DEMO__RIDRETH3_Race_Hispanic_origin_w_NH_Asian_2.0,0.0002853306115976309
P_DEMO__RIDRETH3_Race_Hispanic_origin_w_NH_Asian_3.0,0.0020295043310963982
P_DEMO__RIDRETH3_Race_Hispanic_origin_w_NH_Asian_4.0,0.00047696759589125953
P_DEMO__RIDRETH3_Race_Hispanic_origin_w_NH_Asian_6.0,0.0006198491391039373
P_DEMO__RIDRETH3_Race_Hispanic_origin_w_NH_Asian_7.0,0.00010343379475074515
P_DEMO__RIDEXMON_Six_month_time_period_2.0,0.00016703318552822012
P_DEMO__DMDBORN4_Country_of_birth_2.0,0.0017960056910366585
P_DEMO__DMDBORN4_Country_of_birth_77.0,1.1641958812148134e-05
P_DEMO__DMDBORN4_Country_of_birth_99.0,0.0
P_DEMO__DMDEDUC2_Education_level_Adults_20_2.0,0.00032996242707264087
P_DEMO__DMDEDUC2_Education_level_Adults_20_3.0,0.00015958287232372732
P_DEMO__DMDEDUC2_Education_level_Adults_20_4.0,0.0003185424579158921
P_DEMO__DMDEDUC2_Education_level_Adults_20_5.0,0.0006791845060784455
P_DEMO__DMDEDUC2_Education_level_Adults_20_7.0,0.0
P_DEMO__DMDEDUC2_Education_level_Adults_20_9.0,8.111307436909881e-07
P_DEMO__DMDMARTZ_Marital_status_2.0,0.0003523283478826559
P_DEMO__DMDMARTZ_Marital_status_3.0,0.0007078017795729393
P_DEMO__DMDMARTZ_Marital_status_77.0,1.6172787696599703e-05
P_DEMO__DMDMARTZ_Marital_status_99.0,2.7952229786108887e-06
P_BMX__BMDSTATS_Body_Measures_Component_Status_Code_2.0,7.80633902911122e-05
P_BMX__BMDSTATS_Body_Measures_Component_Status_Code_3.0,0.00012720028833298068
P_BMX__BMDSTATS_Body_Measures_Component_Status_Code_4.0,0.00013701173056128522
P_BPXO__BPAOARM_Arm_selected_oscillometric_R,3.959315107122407e-05
P_BPXO__BPAOCSZ_Coded_cuff_size_oscillometric_3.0,0.0027501910948135497
P_BPXO__BPAOCSZ_Coded_cuff_size_oscillometric_4.0,0.0019084536495028782
P_BPXO__BPAOCSZ_Coded_cuff_size_oscillometric_5.0,0.00042276568258777414
P_OHXDEN__OHDEXSTS_Overall_Oral_Health_Exam_Status_2.0,1.6025090600541724e-06
P_OHXDEN__OHDEXSTS_Overall_Oral_Health_Exam_Status_3.0,0.00024322766553703083
P_OHXDEN__OHDDESTS_Dentition_Status_Code_2.0,4.230097872648451e-06
P_OHXDEN__OHDDESTS_Dentition_Status_Code_3.0,0.0001920685983566214
P_OHXDEN__OHXIMP_Dental_Implant_yes_no_2.0,7.337635358744084e-05
P_OHXDEN__OHXRCAR_Root_caries_2.0,0.000750866286786585
P_OHXDEN__OHXRCAR_Root_caries_9.0,0.0
P_OHXDEN__OHXRCARO_Other_non_carious_root_lesion_2.0,0.0006733182193776312
P_OHXDEN__OHXRCARO_Other_non_carious_root_lesion_9.0,9.80759066234685e-06
P_OHXDEN__OHXRRES_Root_caries_restoration_2.0,0.0003507345872253796
P_OHXDEN__OHXRRES_Root_caries_restoration_9.0,0.0
P_OHXDEN__OHXRRESO_Other_non_carious_root_restoration_2.0,0.00010410954456367829
P_OHXDEN__OHXRRESO_Other_non_carious_root_restoration_9.0,0.0
P_OHXREF__OHDEXSTS_Overall_Oral_Health_Exam_Status_2.0,4.334150410098214e-06
P_OHXREF__OHDEXSTS_Overall_Oral_Health_Exam_Status_3.0,0.00015213134340631048
P_FASTQX__PHQ020_Coffee_or_tea_with_cream_or_sugar_2.0,4.846779181286834e-05
P_FASTQX__PHQ030_Alcohol_such_as_beer_wine_or_liquor_2.0,1.905104346972181e-05
P_FASTQX__PHQ040_Gum_mints_lozenges_or_cough_drops_2.0,5.361641425430821e-05
P_FASTQX__PHQ050_Antacids_laxatives_or_anti_diarrheals_2.0,4.409586269949947e-05
P_FASTQX__PHQ060_Dietary_supplements_2.0,9.198631473982406e-05
P_FASTQX__PHDSESN_Session_in_which_SP_was_examined_1.0,0.00033741826610955076
P_FASTQX__PHDSESN_Session_in_which_SP_was_examined_2.0,0.000489401940994912
P_HEPA__LBXHA_Hepatitis_A_antibody_2.0,0.0014709532400340847
P_HEPA__LBXHA_Hepatitis_A_antibody_3.0,0.0
P_HEPBD__LBXHBC_Hepatitis_B_core_antibody_2.0,0.000451020909446388
P_HEPBD__LBXHBC_Hepatitis_B_core_antibody_3.0,0.0
P_HEPB_S__LBXHBS_Hepatitis_B_Surface_Antibody_2.0,0.0003261720323643231
P_HEPC__LBXHCR_Hepatitis_C_RNA_2.0,0.00010212992787245377
P_HEPC__LBXHCR_Hepatitis_C_RNA_3.0,4.283944569842918e-05
P_HEPC__LBDHCI_Hepatitis_C_Antibody_confirmed_2.0,1.6104288855069106e-05
P_HEPC__LBDHCI_Hepatitis_C_Antibody_confirmed_3.0,6.021360769403077e-05
P_HEPC__LBDHCI_Hepatitis_C_Antibody_confirmed_4.0,2.6379596627981526e-05
P_HEPE__LBDHEG_Hepatitis_E_IgG_anti_HEV_2.0,0.000445410080870912
P_HEPE__LBDHEM_Hepatitis_E_IgM_anti_HEV_2.0,4.333097487679442e-05
P_ALQ__ALQ111_Ever_had_a_drink_of_any_kind_of_alcohol_2.0,0.00019620287136801507
P_ALQ__ALQ121_Past_12_mo_how_often_drink_alcoholic_bev_1.0,3.8187243769105554e-05
P_ALQ__ALQ121_Past_12_mo_how_often_drink_alcoholic_bev_2.0,6.805661560964474e-05
P_ALQ__ALQ121_Past_12_mo_how_often_drink_alcoholic_bev_3.0,6.818928306923764e-05
P_ALQ__ALQ121_Past_12_mo_how_often_drink_alcoholic_bev_4.0,0.0001911951978870471
P_ALQ__ALQ121_Past_12_mo_how_often_drink_alcoholic_bev_5.0,0.00016407815573376763
P_ALQ__ALQ121_Past_12_mo_how_often_drink_alcoholic_bev_6.0,0.0041324431481607445
P_ALQ__ALQ121_Past_12_mo_how_often_drink_alcoholic_bev_7.0,0.00013948681581764762
P_ALQ__ALQ121_Past_12_mo_how_often_drink_alcoholic_bev_8.0,6.105065358518427e-05
P_ALQ__ALQ121_Past_12_mo_how_often_drink_alcoholic_bev_9.0,0.00023809945726286621
P_ALQ__ALQ121_Past_12_mo_how_often_drink_alcoholic_bev_10.0,0.00021337738614164804
P_ALQ__ALQ151_Ever_have_4_5_or_more_drinks_every_day_2.0,0.00020236295459295046
P_AUQ__AUQ054_General_condition_of_hearing_2.0,0.00017575224218383608
P_AUQ__AUQ054_General_condition_of_hearing_3.0,0.00017212233104652006
P_AUQ__AUQ054_General_condition_of_hearing_4.0,0.0003531969525236286
P_AUQ__AUQ054_General_condition_of_hearing_5.0,0.0005880158810098518
P_AUQ__AUQ054_General_condition_of_hearing_6.0,7.961020523841172e-05
P_BPQ__BPQ020_Ever_told_you_had_high_blood_pressure_2.0,0.027456338924613487
P_BPQ__BPQ080_Doctor_told_you_high_cholesterol_level_2.0,0.01996524840158175
P_DBQ__DBQ700_How_healthy_is_the_diet_2.0,0.0003050950998420051
P_DBQ__DBQ700_How_healthy_is_the_diet_3.0,0.00035460114445595156
P_DBQ__DBQ700_How_healthy_is_the_diet_4.0,0.00026154353733959164
P_DBQ__DBQ700_How_healthy_is_the_diet_5.0,9.59704330131322e-05
P_DBQ__DBQ197_Past_30_day_milk_product_consumption_1.0,0.00022232502604851116
P_DBQ__DBQ197_Past_30_day_milk_product_consumption_2.0,0.0001894708301953941
P_DBQ__DBQ197_Past_30_day_milk_product_consumption_3.0,0.00016894695501500857
P_DBQ__DBQ197_Past_30_day_milk_product_consumption_4.0,2.4539194713958607e-05
P_DBQ__DBQ229_Regular_milk_use_5_times_per_week_2.0,0.0014240921184882204
P_DBQ__DBQ229_Regular_milk_use_5_times_per_week_3.0,0.0002112937853213068
P_DBQ__CBQ596_Heard_of_My_Plate_2.0,0.00025975702323496793
P_DBQ__DBQ930_Main_meal_planner_preparer_2.0,0.000841773565004578
P_DBQ__DBQ935_Shared_meal_planning_preparing_duty_2.0,0.00017246508191438872
P_DBQ__DBQ940_Main_food_shopper_2.0,0.0008505371974447995
P_DBQ__DBQ945_Shared_food_shopping_duty_2.0,0.000450844599652109
P_DPQ__DPQ010_Have_little_interest_in_doing_things_1.0,0.0001590805055037991
P_DPQ__DPQ010_Have_little_interest_in_doing_things_2.0,0.00019688957304912676
P_DPQ__DPQ010_Have_little_interest_in_doing_things_3.0,7.682677945145276e-05
P_DPQ__DPQ020_Feeling_down_depressed_or_hopeless_1.0,0.00012478589546006648
P_DPQ__DPQ020_Feeling_down_depressed_or_hopeless_2.0,0.00011104938807125231
P_DPQ__DPQ020_Feeling_down_depressed_or_hopeless_3.0,0.00020680325962300344
P_DPQ__DPQ030_Trouble_sleeping_or_sleeping_too_much_1.0,0.00022286038565167855
P_DPQ__DPQ030_Trouble_sleeping_or_sleeping_too_much_2.0,6.604859065620221e-05
P_DPQ__DPQ030_Trouble_sleeping_or_sleeping_too_much_3.0,0.00013096423768552032
P_DPQ__DPQ040_Feeling_tired_or_having_little_energy_1.0,0.00040863538151632403
P_DPQ__DPQ040_Feeling_tired_or_having_little_energy_2.0,0.00011975270664729354
P_DPQ__DPQ040_Feeling_tired_or_having_little_energy_3.0,0.00010925435546425124
P_DPQ__DPQ050_Poor_appetite_or_overeating_1.0,0.00015821300465794787
P_DPQ__DPQ050_Poor_appetite_or_overeating_2.0,0.00015226129145705171
P_DPQ__DPQ050_Poor_appetite_or_overeating_3.0,9.825493960033051e-05
P_DPQ__DPQ060_Feeling_bad_about_yourself_1.0,0.00010333578690544377
P_DPQ__DPQ060_Feeling_bad_about_yourself_2.0,8.947421491572364e-05
P_DPQ__DPQ060_Feeling_bad_about_yourself_3.0,8.211786612814642e-05
P_DPQ__DPQ070_Trouble_concentrating_on_things_1.0,0.00016799825991650313
P_DPQ__DPQ070_Trouble_concentrating_on_things_2.0,8.114411264322932e-05
P_DPQ__DPQ070_Trouble_concentrating_on_things_3.0,8.600330035049676e-05
P_DPQ__DPQ080_Moving_or_speaking_slowly_or_too_fast_1.0,8.170194777224274e-05
P_DPQ__DPQ080_Moving_or_speaking_slowly_or_too_fast_2.0,8.470141610843841e-05
P_DPQ__DPQ080_Moving_or_speaking_slowly_or_too_fast_3.0,0.0002478094591305761
P_DPQ__DPQ090_Thoughts_you_would_be_better_off_dead_1.0,7.026518481777432e-05
P_DPQ__DPQ090_Thoughts_you_would_be_better_off_dead_2.0,1.0950769012687978e-05
P_DPQ__DPQ090_Thoughts_you_would_be_better_off_dead_3.0,8.889980290102488e-05
P_FSQ__FSDHH_Household_food_security_category_2.0,0.0002592512298260358
P_FSQ__FSDHH_Household_food_security_category_3.0,0.00028991474981607257
P_FSQ__FSDHH_Household_food_security_category_4.0,0.00024776298336712244
P_FSQ__FSDAD_Adult_food_security_category_2.0,0.00012903892132547817
P_FSQ__FSDAD_Adult_food_security_category_3.0,0.00032793000111717036
P_FSQ__FSDAD_Adult_food_security_category_4.0,0.0001614403634982239
P_FSQ__FSD151_HH_Emergency_food_received_2.0,0.00014524879229575434
P_FSQ__FSQ165_HH_FS_benefit_ever_received_2.0,0.00024532024318435583
P_FSQ__FSD162_HH_WIC_benefit_receive_in_last_12_month_2.0,9.80266591585624e-05
P_HEQ__HEQ010_Ever_told_you_have_Hepatitis_B_2.0,0.00017951025661706822
P_HEQ__HEQ030_Ever_told_you_have_Hepatitis_C_2.0,6.759010727797294e-05
P_HIQ__HIQ011_Covered_by_health_insurance_2.0,0.00038029971490439036
P_HIQ__HIQ270_Do_plans_cover_prescriptions_2.0,5.876495586281625e-05
P_HIQ__HIQ210_Time_when_no_insurance_in_past_year_2.0,9.092305597654146e-05
P_HSQ__HSQ590_Blood_ever_tested_for_HIV_virus_2.0,0.0008284747501817526
P_HUQ__HUQ010_General_health_condition_2.0,0.003044502404781615
P_HUQ__HUQ010_General_health_condition_3.0,0.0004021053636163884
P_HUQ__HUQ010_General_health_condition_4.0,0.006888030840905407
P_HUQ__HUQ010_General_health_condition_5.0,0.002308075911023739
P_HUQ__HUQ030_Routine_place_to_go_for_healthcare_2.0,0.0010258924144789247
P_HUQ__HUQ030_Routine_place_to_go_for_healthcare_3.0,2.0571555498832785e-05
P_HUQ__HUQ051_times_receive_healthcare_over_past_year_1.0,0.00268951845612212
P_HUQ__HUQ051_times_receive_healthcare_over_past_year_2.0,0.00041821583188471963
P_HUQ__HUQ051_times_receive_healthcare_over_past_year_3.0,0.004333621568445063
P_HUQ__HUQ051_times_receive_healthcare_over_past_year_4.0,0.0007080514843105059
P_HUQ__HUQ051_times_receive_healthcare_over_past_year_5.0,0.0003228098779187468
P_HUQ__HUQ051_times_receive_healthcare_over_past_year_6.0,0.0003014821532244418
P_HUQ__HUQ051_times_receive_healthcare_over_past_year_7.0,0.0001818895928183839
P_HUQ__HUQ051_times_receive_healthcare_over_past_year_8.0,8.741755450395121e-05
P_HUQ__HUQ071_Overnight_hospital_patient_in_last_year_2.0,0.00045490953494886567
P_HUQ__HUQ090_Seen_mental_health_professional_past_yr_2.0,0.0002001048387488662
P_IMQ__IMQ011_Received_Hepatitis_A_vaccine_2.0,0.00014694277237233504
P_IMQ__IMQ011_Received_Hepatitis_A_vaccine_3.0,0.004215660178531517
P_IMQ__IMQ020_Received_Hepatitis_B_3_dose_series_2.0,0.00012590043160684697
P_IMQ__IMQ020_Received_Hepatitis_B_3_dose_series_3.0,0.008329478729910779
P_INQ__INDFMMPC_Family_monthly_poverty_level_category_2.0,0.00019711537524066437
P_INQ__INDFMMPC_Family_monthly_poverty_level_category_3.0,0.000316051705775923
P_KIQ_U__KIQ022_Ever_told_you_had_weak_failing_kidneys_2.0,0.0017801128610061994
P_KIQ_U__KIQ026_Ever_had_kidney_stones_2.0,0.0016361808906466297
P_KIQ_U__KIQ005_How_often_have_urinary_leakage_2.0,0.00029091290730586813
P_KIQ_U__KIQ005_How_often_have_urinary_leakage_3.0,0.0010377421480457427
P_KIQ_U__KIQ005_How_often_have_urinary_leakage_4.0,0.000364374644890963
P_KIQ_U__KIQ005_How_often_have_urinary_leakage_5.0,0.000547249652761353
P_KIQ_U__KIQ042_Leak_urine_during_physical_activities_2.0,0.000718071515758175
P_KIQ_U__KIQ044_Urinated_before_reaching_the_toilet_2.0,0.00342718683135305
P_KIQ_U__KIQ046_Leak_urine_during_nonphysical_activities_2.0,0.001257456719871621
P_KIQ_U__KIQ480_How_many_times_urinate_in_night_1.0,0.0018046133891842899
P_KIQ_U__KIQ480_How_many_times_urinate_in_night_2.0,0.0016057768676624948
P_KIQ_U__KIQ480_How_many_times_urinate_in_night_3.0,0.000964964280624213
P_KIQ_U__KIQ480_How_many_times_urinate_in_night_4.0,0.0003140139214278647
P_KIQ_U__KIQ480_How_many_times_urinate_in_night_5.0,0.00016394311070210278
P_MCQ__MCQ010_Ever_been_told_you_have_asthma_2.0,0.00017089188598590349
P_MCQ__MCQ053_Taking_treatment_for_anemia_past_3_mos_2.0,0.00021575955639491524
P_MCQ__MCQ080_Doctor_ever_said_you_were_overweight_2.0,0.008285035121779024
P_MCQ__MCQ092_Ever_receive_blood_transfusion_2.0,0.0002983067280766969
P_MCQ__MCQ520_Abdominal_pain_during_past_12_months_2.0,0.00031888602536195515
P_MCQ__MCQ550_Has_DR_ever_said_you_have_gallstones_2.0,0.0010360288552582009
P_MCQ__MCQ560_Ever_had_gallbladder_surgery_2.0,0.0013332138063770732
P_MCQ__MCQ220_Ever_told_you_had_cancer_or_malignancy_2.0,0.00044199661567173695
P_OCQ__OCD150_Type_of_work_done_last_week_2.0,0.00020277624728226617
P_OCQ__OCD150_Type_of_work_done_last_week_3.0,0.0001719121051082532
P_OCQ__OCD150_Type_of_work_done_last_week_4.0,0.014012625335709792
P_OHQ__OHQ030_When_did_you_last_visit_a_dentist_2.0,0.00011549891960502573
P_OHQ__OHQ030_When_did_you_last_visit_a_dentist_3.0,0.0002952735686894362
P_OHQ__OHQ030_When_did_you_last_visit_a_dentist_4.0,0.0002896384425778986
P_OHQ__OHQ030_When_did_you_last_visit_a_dentist_5.0,0.00021882742334031094
P_OHQ__OHQ030_When_did_you_last_visit_a_dentist_6.0,0.0002185740750643667
P_OHQ__OHQ030_When_did_you_last_visit_a_dentist_7.0,0.00011806369000569152
P_OHQ__OHQ033_Main_reason_for_last_dental_visit_2.0,0.00017819396574688624
P_OHQ__OHQ033_Main_reason_for_last_dental_visit_3.0,0.0010134096873996522
P_OHQ__OHQ033_Main_reason_for_last_dental_visit_4.0,0.00018606695510078612
P_OHQ__OHQ033_Main_reason_for_last_dental_visit_5.0,5.183141998955378e-05
P_OHQ__OHQ770_Past_yr_need_dental_but_couldn_t_get_it_2.0,0.00015630731070936384
P_OHQ__OHQ845_Rate_the_health_of_your_teeth_and_gums_2.0,0.00015921950127303265
P_OHQ__OHQ845_Rate_the_health_of_your_teeth_and_gums_3.0,0.00016806916629139037
P_OHQ__OHQ845_Rate_the_health_of_your_teeth_and_gums_4.0,0.00041527858366461777
P_OHQ__OHQ845_Rate_the_health_of_your_teeth_and_gums_5.0,0.0004646258728603764
P_PAQ__PAQ605_Vigorous_work_activity_2.0,0.0004843438549824468
P_PAQ__PAQ620_Moderate_work_activity_2.0,0.001492482252232468
P_PAQ__PAQ635_Walk_or_bicycle_2.0,0.00017633357546404649
P_PAQ__PAQ650_Vigorous_recreational_activities_2.0,0.0026883765304962196
P_PAQ__PAQ665_Moderate_recreational_activities_2.0,0.0007992132171353673
P_PUQMEC__PUQ100_Products_used_in_home_to_control_insects_2.0,0.0003522807665177555
P_PUQMEC__PUQ110_Products_used_to_kill_weeds_2.0,0.0002533000093528104
P_SLQ__SLQ300_Usual_sleep_time_on_weekdays_or_workdays_2,0.0002923730827585617
P_SLQ__SLQ300_Usual_sleep_time_on_weekdays_or_workdays_3,0.00020503409881175987
P_SLQ__SLQ300_Usual_sleep_time_on_weekdays_or_workdays_4,0.0002348396889775439
P_SLQ__SLQ300_Usual_sleep_time_on_weekdays_or_workdays_5,0.00017498126236823328
P_SLQ__SLD012_Sleep_hours_weekdays_or_workdays_2,0.000218107769728038
P_SLQ__SLD012_Sleep_hours_weekdays_or_workdays_3,0.0002486490745288585
P_SLQ__SLD012_Sleep_hours_weekdays_or_workdays_4,0.00013370017358043415
P_SLQ__SLQ320_Usual_sleep_time_on_weekends_2,0.00032552793032646885
P_SLQ__SLQ320_Usual_sleep_time_on_weekends_3,0.00018157771642991646
P_SLQ__SLQ320_Usual_sleep_time_on_weekends_4,0.0001256295644101001
P_SLQ__SLQ320_Usual_sleep_time_on_weekends_5,0.0007512113469006656
P_SLQ__SLD013_Sleep_hours_weekends_2,0.00017511217197805249
P_SLQ__SLD013_Sleep_hours_weekends_3,0.0003094284034368905
P_SLQ__SLD013_Sleep_hours_weekends_4,0.00027838203106314845
P_SLQ__SLQ030_How_often_do_you_snore_1.0,0.0014185194222275414
P_SLQ__SLQ030_How_often_do_you_snore_2.0,0.0003473689723920984
P_SLQ__SLQ030_How_often_do_you_snore_3.0,0.002689575975691588
P_SLQ__SLQ040_How_often_do_you_snort_or_stop_breathing_1.0,0.0003281499618482773
P_SLQ__SLQ040_How_often_do_you_snort_or_stop_breathing_2.0,0.00018349235909362075
P_SLQ__SLQ040_How_often_do_you_snort_or_stop_breathing_3.0,0.0003381609259872333
P_SLQ__SLQ050_Ever_told_doctor_had_trouble_sleeping_2.0,0.0006299544776146516
P_SLQ__SLQ120_How_often_feel_overly_sleepy_during_day_1.0,0.00014673010905222865
P_SLQ__SLQ120_How_often_feel_overly_sleepy_during_day_2.0,0.0002858171048529182
P_SLQ__SLQ120_How_often_feel_overly_sleepy_during_day_3.0,0.00024903910114469836
P_SLQ__SLQ120_How_often_feel_overly_sleepy_during_day_4.0,0.00018607398309681295
P_SMQ__SMQ020_Smoked_at_least_100_cigarettes_in_life_2.0,0.00018363564101103773
P_SMQFAM__SMD460_of_people_who_live_here_smoke_tobacco_1.0,0.00013972898156481875
P_SMQFAM__SMD460_of_people_who_live_here_smoke_tobacco_2.0,0.00013997855601123623
P_SMQRTU__SMQ681_Smoked_tobacco_last_5_days_2.0,0.0005481305733906814
P_SMQRTU__SMQ851_Used_smokeless_tobacco_last_5_days_2.0,4.0554127373554776e-05
P_SMQRTU__SMQ863_Used_nicotine_replacement_last_5_days_2.0,8.165780733502762e-06
P_SMQRTU__SMDANY_Used_any_tobacco_product_last_5_days_2.0,0.0004463294991415563
P_SMQSHS__SMQ856_Last_7_d_worked_at_job_not_at_home_2.0,0.004850877463478132
P_SMQSHS__SMQ860_Last_7_d_spent_time_in_a_restaurant_2.0,0.0002642883071896461
P_SMQSHS__SMQ866_Last_7_d_spent_time_in_a_bar_2.0,0.0002551015183525681
P_SMQSHS__SMQ870_Last_7_d_rode_in_a_car_2.0,0.00028849780459429047
P_SMQSHS__SMQ872_Last_7_d_someone_smoked_in_car_2.0,0.00011781908580678715
P_SMQSHS__SMQ874_Last_7_d_spent_time_in_another_home_2.0,0.0002990960505022221
P_SMQSHS__SMQ878_Last_7_d_in_other_indoor_area_2.0,0.0003698748117272854
P_SMQSHS__SMQ940_Last_7_d_someone_used_e_cigs_indoors_2.0,0.00026852567711968685
P_WHQ__WHQ030_How_do_you_consider_your_weight_2.0,0.0008738117430779395
P_WHQ__WHQ030_How_do_you_consider_your_weight_3.0,0.0007203436109377905
P_WHQ__WHQ040_Like_to_weigh_more_less_or_same_2.0,0.0005696445546291081
P_WHQ__WHQ040_Like_to_weigh_more_less_or_same_3.0,0.0005604439195495975
P_WHQ__WHQ070_Tried_to_lose_weight_in_past_year_2.0,0.00031166339635529684
P_WHQ__WHQ225_Times_lost_10_lbs_or_more_to_lose_weight_2.0,0.00016252054093206667
P_WHQ__WHQ225_Times_lost_10_lbs_or_more_to_lose_weight_3.0,0.00012557541727214476
P_WHQ__WHQ225_Times_lost_10_lbs_or_more_to_lose_weight_4.0,0.00019586939756664957
P_WHQ__WHQ225_Times_lost_10_lbs_or_more_to_lose_weight_5.0,0.00021027378340540505
